Date,Open,High,Low,Close,AdjustedClose,Volume
2017-01-03,450.08,451.66,447.76,450.48,412.295,182733000
2017-01-04,451.24,453.5,451.22,453.16,414.748,157488800
2017-01-05,452.54,453.16,450.96,452.8,414.418,156758000
2017-01-06,453.06,455.5,451.8,454.42,415.901,143119800
2017-01-09,453.82,454.14,452.84,452.92,414.528,93879400
2017-01-10,452.96,454.9,452.02,452.92,414.528,127543800
2017-01-11,452.72,454.2,451.18,454.2,415.7,149300000
2017-01-12,453.0,453.5,449.92,453.06,414.656,144226400
2017-01-13,453.46,454.8,453.38,454.1,415.608,125435800
2017-01-17,452.62,453.56,451.6,452.5,414.144,122481600
2017-01-18,453.08,453.6,451.8,453.5,415.059,109586600
2017-01-19,453.68,454.0,450.82,451.82,413.522,133217600
2017-01-20,453.4,454.62,451.94,453.48,415.041,258337200
2017-01-23,453.48,453.62,450.54,452.3,413.961,150123200
2017-01-24,452.8,456.16,452.54,455.2,416.615,191110600
2017-01-25,457.4,459.14,457.02,459.14,420.221,168875400
2017-01-26,458.8,459.42,458.02,458.66,419.782,119941400
2017-01-27,458.84,459.18,457.52,457.94,419.123,119422200
2017-01-30,456.34,456.4,452.82,455.1,416.523,159474600
2017-01-31,453.96,455.2,452.64,455.06,416.487,151761600
2017-02-01,455.06,457.18,453.88,455.24,416.652,158235400
2017-02-02,455.24,456.2,453.64,455.54,416.926,139315200
2017-02-03,457.64,459.1,456.92,458.68,419.8,161126400
2017-02-06,457.74,458.66,457.08,457.86,419.05,115580200
2017-02-07,458.76,459.32,457.44,457.88,419.068,115862400
2017-02-08,457.88,458.78,456.62,458.48,419.617,103132400
2017-02-09,458.48,461.9,458.48,461.2,422.106,131910400
2017-02-10,462.0,463.54,461.24,463.02,423.772,132031800
2017-02-13,464.16,466.14,464.1,465.54,426.079,110364200
2017-02-14,465.12,467.42,464.32,467.4,427.781,142218000
2017-02-15,466.9,470.28,466.78,469.84,430.014,173571600
2017-02-16,469.9,470.32,467.7,469.44,429.648,169444800
2017-02-17,467.9,470.18,467.86,470.18,430.325,154408200
2017-02-21,471.04,473.38,471.02,472.98,432.888,177892200
2017-02-22,472.04,473.08,471.66,472.56,432.503,124230400
2017-02-23,473.76,473.8,471.12,472.88,432.796,149231800
2017-02-24,470.92,473.58,470.82,473.48,433.345,164763200
2017-02-27,473.28,474.62,472.7,474.22,434.023,113030800
2017-02-28,473.34,473.9,472.04,472.94,432.851,193923800
2017-03-01,476.78,480.64,476.74,479.56,438.91,298316400
2017-03-02,479.12,479.14,476.42,476.54,436.146,140492000
2017-03-03,476.34,477.22,475.46,476.84,436.421,163948600
2017-03-06,475.0,476.24,474.02,475.42,435.121,110783000
2017-03-07,474.72,475.54,473.52,474.0,433.821,130207400
2017-03-08,474.68,475.28,472.8,473.12,433.016,156337600
2017-03-09,473.4,474.48,471.48,473.72,433.565,181367800
2017-03-10,475.94,476.04,473.18,475.38,435.084,163983400
2017-03-13,475.24,475.72,474.48,475.62,435.304,114513600
2017-03-14,474.36,474.48,472.38,473.8,433.638,119761600
2017-03-15,475.12,478.88,474.58,477.9,437.391,192163600
2017-03-16,478.22,478.4,476.2,476.96,436.53,156688000
2017-03-17,475.5,475.94,474.06,474.06,435.764,178004200
2017-03-20,474.06,474.72,472.64,473.54,435.286,105074000
2017-03-21,474.94,475.22,467.16,467.46,429.697,263618600
2017-03-22,467.54,469.22,466.1,468.56,430.708,195138400
2017-03-23,468.56,470.68,467.2,468.06,430.249,200820600
2017-03-24,468.76,470.08,465.92,467.72,429.936,225009800
2017-03-27,463.86,467.84,463.22,467.24,429.495,174909000
2017-03-28,466.54,471.62,466.28,470.64,432.62,186967800
2017-03-29,469.98,471.62,469.46,471.08,433.025,123900800
2017-03-30,470.94,473.04,470.54,472.58,434.403,113475800
2017-03-31,471.8,473.02,471.36,471.48,433.392,147466200
2017-04-03,471.6,472.06,467.82,470.66,432.639,171093000
2017-04-04,470.0,471.16,469.12,470.96,432.914,112932400
2017-04-05,472.52,474.78,469.08,469.56,431.627,217601200
2017-04-06,469.88,472.08,468.86,470.88,432.841,138271600
2017-04-07,470.3,472.0,469.28,470.4,432.4,148824600
2017-04-10,470.72,472.52,469.46,470.68,432.657,135230600
2017-04-11,469.8,470.36,466.68,470.12,432.142,176090600
2017-04-12,469.48,469.92,467.54,468.06,430.249,163728800
2017-04-13,467.28,468.98,465.02,465.02,427.454,185760800
2017-04-17,466.22,469.14,465.76,469.14,431.241,136810800
2017-04-18,467.44,468.98,466.16,467.74,429.954,166451600
2017-04-19,469.04,469.9,466.36,466.88,429.164,137399800
2017-04-20,468.3,471.7,467.56,470.68,432.657,185144400
2017-04-21,470.5,470.62,468.26,469.18,431.278,220779600
2017-04-24,474.36,474.82,469.12,474.34,436.021,238419800
2017-04-25,475.82,477.9,475.62,477.1,438.558,153396600
2017-04-26,477.02,479.06,476.7,476.8,438.283,169405000
2017-04-27,477.54,477.9,475.96,477.2,438.65,114820600
2017-04-28,477.8,477.86,475.86,476.16,437.694,127065600
2017-05-01,477.36,478.34,476.4,477.36,438.797,133765000
2017-05-02,477.68,477.96,476.6,477.54,438.963,114751400
2017-05-03,477.54,477.76,475.4,476.96,438.43,146275400
2017-05-04,477.66,477.84,475.56,477.52,438.944,122925400
2017-05-05,478.38,479.44,477.36,479.4,440.672,124002600
2017-05-08,479.5,479.84,478.34,479.32,440.599,96771400
2017-05-09,479.92,480.38,478.08,478.88,440.194,102726400
2017-05-10,478.78,479.74,478.3,479.74,440.985,108587600
2017-05-11,478.7,479.14,476.26,478.76,440.084,124716600
2017-05-12,478.18,478.86,477.34,477.96,439.349,107825400
2017-05-15,478.94,480.88,478.9,480.6,441.776,123837800
2017-05-16,481.28,481.34,479.26,480.16,441.371,102483600
2017-05-17,480.16,480.16,471.5,471.64,433.539,344348200
2017-05-18,471.46,475.5,470.86,473.54,435.286,214095400
2017-05-19,474.66,478.16,474.54,476.62,438.117,230022800
2017-05-22,477.8,479.42,477.64,479.04,440.342,122021200
2017-05-23,479.9,480.48,479.02,480.1,441.316,96683400
2017-05-24,480.64,481.46,479.86,481.22,442.345,93855400
2017-05-25,482.4,484.16,481.92,483.52,444.46,128143400
2017-05-26,483.08,483.8,482.9,483.42,444.368,93259800
2017-05-30,482.68,483.58,482.32,483.0,443.982,70403800
2017-05-31,483.68,483.76,481.28,482.88,443.871,183592000
2017-06-01,483.94,486.76,483.28,486.72,447.401,137924000
2017-06-02,486.84,488.7,486.16,488.34,448.89,177332200
2017-06-05,487.94,488.6,487.52,487.98,448.559,89397600
2017-06-06,486.68,487.96,486.24,486.42,447.125,100750800
2017-06-07,487.2,487.84,485.66,487.32,447.953,108288600
2017-06-08,487.54,488.66,486.34,487.56,448.173,131901400
2017-06-09,488.18,490.02,483.9,486.82,447.493,264512800
2017-06-12,486.26,486.84,484.76,486.72,447.401,172216200
2017-06-13,487.96,489.22,487.16,489.1,449.589,120134000
2017-06-14,489.72,489.74,486.58,488.48,449.019,157204600
2017-06-15,485.36,487.82,484.72,487.54,448.155,132929800
2017-06-16,485.54,485.66,483.26,485.28,448.253,169106200
2017-06-19,487.18,489.46,486.96,489.32,451.985,130247600
2017-06-20,488.5,488.52,485.98,486.02,448.936,113812800
2017-06-21,486.92,487.18,484.82,485.9,448.826,111955200
2017-06-22,485.92,487.06,485.28,485.68,448.622,88296200
2017-06-23,485.82,487.02,484.94,486.26,449.158,133973600
2017-06-26,487.8,488.76,486.1,486.58,449.454,113401000
2017-06-27,486.08,486.76,482.62,482.66,445.833,164495400
2017-06-28,485.0,487.44,484.46,486.98,449.823,140085200
2017-06-29,487.32,487.44,479.92,482.7,445.87,213899400
2017-06-30,484.56,485.42,483.16,483.6,446.701,173641400
2017-07-03,485.76,486.76,484.42,484.42,447.458,78307600
2017-07-05,485.26,486.02,483.4,485.54,448.493,108855200
2017-07-06,483.78,484.06,480.68,481.1,444.392,130801600
2017-07-07,482.42,484.56,481.12,484.22,447.274,115944600
2017-07-10,484.22,485.6,483.52,484.74,447.754,73326600
2017-07-11,484.74,485.1,481.7,484.38,447.421,100709200
2017-07-12,486.6,488.4,486.6,488.02,450.784,119220800
2017-07-13,488.04,489.1,487.52,488.84,451.541,78943200
2017-07-14,488.84,491.94,488.62,491.12,453.647,120525400
2017-07-17,490.94,491.82,490.66,491.06,453.592,67063800
2017-07-18,490.12,491.44,489.34,491.32,453.832,85485000
2017-07-19,492.04,494.0,492.02,493.98,456.289,102068600
2017-07-20,494.56,494.84,492.94,494.2,456.492,94270400
2017-07-21,492.88,493.82,492.36,493.76,456.086,164681600
2017-07-24,493.58,493.96,492.56,493.64,455.975,93244600
2017-07-25,495.36,495.6,494.32,494.84,457.083,109831200
2017-07-26,495.5,495.58,494.26,494.86,457.102,95150800
2017-07-27,495.92,496.0,491.36,494.4,456.677,141533200
2017-07-28,493.3,494.12,492.26,493.82,456.141,100176800
2017-07-31,494.74,494.96,493.06,493.54,455.883,131677400
2017-08-01,494.92,495.0,493.44,494.64,456.899,110100800
2017-08-02,494.94,495.2,492.74,494.88,457.12,94422400
2017-08-03,494.62,494.68,493.28,493.92,456.234,81712000
2017-08-04,495.04,495.58,493.94,494.82,457.065,120383600
2017-08-07,494.98,495.74,494.74,495.74,457.915,63990000
2017-08-08,495.02,497.82,493.66,494.52,456.788,123438800
2017-08-09,492.94,494.62,492.12,494.5,456.769,125265200
2017-08-10,492.58,492.88,487.4,487.52,450.322,240959000
2017-08-11,488.04,489.6,487.5,488.24,450.987,149739800
2017-08-14,491.18,493.58,491.1,493.08,455.458,146583800
2017-08-15,493.96,494.0,492.32,493.02,455.402,110485400
2017-08-16,494.22,495.14,492.9,493.88,456.197,113431000
2017-08-17,492.48,493.2,486.18,486.18,449.084,256980800
2017-08-18,485.8,488.38,484.4,485.42,448.382,273496000
2017-08-21,485.28,486.4,483.66,485.8,448.733,130939400
2017-08-22,487.14,491.24,487.1,490.88,453.426,126280200
2017-08-23,488.66,490.1,488.32,489.12,451.8,100407600
2017-08-24,490.0,490.36,487.5,487.98,450.747,101483400
2017-08-25,489.8,491.22,488.78,489.12,451.8,128891800
2017-08-28,490.34,490.4,488.18,489.14,451.818,81131200
2017-08-29,486.12,490.3,485.86,489.7,452.336,102271400
2017-08-30,489.66,492.64,489.24,492.02,454.478,124061600
2017-08-31,493.44,495.54,492.1,494.98,457.213,207607800
2017-09-01,495.84,496.66,495.34,495.68,457.859,124014000
2017-09-05,494.52,495.04,489.9,492.12,454.571,182797600
2017-09-06,493.68,494.56,492.46,493.8,456.123,115833800
2017-09-07,494.5,494.54,492.8,493.74,456.067,116069400
2017-09-08,493.08,494.22,492.6,493.16,455.532,127665600
2017-09-11,496.08,498.6,496.04,498.42,460.39,142729600
2017-09-12,499.26,500.18,498.84,500.1,461.942,113792000
2017-09-13,499.44,500.42,499.18,500.34,462.164,118456000
2017-09-14,499.6,500.64,499.2,500.18,462.016,190892600
2017-09-15,497.38,498.58,497.14,498.38,462.638,190864800
2017-09-18,499.22,500.24,498.56,499.44,463.622,92470400
2017-09-19,500.0,500.14,499.2,499.94,464.086,94216200
2017-09-20,500.14,500.38,497.84,500.12,464.253,119148200
2017-09-21,499.76,499.96,498.38,498.78,463.009,96422800
2017-09-22,498.1,499.26,498.04,498.88,463.102,102428000
2017-09-25,498.3,499.1,496.16,497.86,462.155,114128800
2017-09-26,498.84,499.4,497.62,498.16,462.434,108164000
2017-09-27,499.76,500.98,497.74,500.1,464.235,162002800
2017-09-28,499.46,500.88,499.26,500.7,464.792,89557600
2017-09-29,500.68,502.64,500.26,502.46,466.425,171156000
2017-10-02,502.98,504.64,502.58,504.64,468.449,118046000
2017-10-03,504.64,505.78,504.46,505.72,469.452,133620400
2017-10-04,505.38,506.88,505.12,506.32,470.008,111907200
2017-10-05,507.08,509.36,506.4,509.32,472.793,127045600
2017-10-06,508.3,509.4,507.7,508.74,472.255,161292000
2017-10-09,509.26,509.4,507.3,507.9,471.475,71606200
2017-10-10,509.2,510.1,507.96,509.24,472.719,86114800
2017-10-11,509.02,510.04,508.64,510.04,473.462,95348600
2017-10-12,509.32,510.12,508.74,509.28,472.756,94130200
2017-10-13,510.28,510.54,509.28,509.9,473.332,109600800
2017-10-16,510.42,511.02,509.64,510.58,473.963,76443400
2017-10-17,510.46,511.04,509.96,510.94,474.297,63122000
2017-10-18,511.8,511.9,511.0,511.44,474.761,81776600
2017-10-19,509.66,511.66,508.7,511.58,474.891,123807600
2017-10-20,513.4,514.28,511.54,514.22,477.342,178352800
2017-10-23,514.96,515.02,512.04,512.22,475.485,127830600
2017-10-24,513.2,513.66,512.3,513.12,476.321,133871800
2017-10-25,512.36,512.62,508.0,510.58,473.963,207430600
2017-10-26,511.98,512.6,510.96,511.24,474.576,139596000
2017-10-27,512.94,515.78,511.26,515.42,478.456,171125000
2017-10-30,512.94,515.2,512.82,513.5,476.674,108571400
2017-10-31,514.36,514.88,513.62,514.3,477.416,120609600
2017-11-01,516.08,516.86,514.14,514.98,478.047,108405400
2017-11-02,514.82,515.5,512.38,515.18,478.233,112899000
2017-11-03,515.54,517.0,514.6,516.9,479.83,119179400
2017-11-06,516.6,518.0,516.44,517.7,480.572,99305200
2017-11-07,517.94,518.7,516.18,517.34,480.238,115004400
2017-11-08,516.94,518.44,516.3,518.22,481.055,100939200
2017-11-09,515.46,516.78,512.72,516.34,479.31,190171000
2017-11-10,515.46,516.58,514.74,516.18,479.161,119969400
2017-11-13,514.62,517.18,514.54,516.66,479.607,100457200
2017-11-14,514.82,515.7,513.04,515.46,478.493,122630400
2017-11-15,513.24,514.44,511.26,512.88,476.098,161623000
2017-11-16,515.04,518.08,514.94,517.24,480.145,135554000
2017-11-17,516.44,517.18,515.54,515.72,478.734,151513600
2017-11-20,516.28,517.04,515.72,516.6,479.551,96151000
2017-11-21,518.36,520.4,516.52,519.98,482.689,138353600
2017-11-22,520.0,520.3,519.14,519.52,482.262,90066800
2017-11-24,520.64,520.96,520.32,520.72,483.376,55713000
2017-11-27,520.82,521.5,520.0,520.46,483.134,104549800
2017-11-28,521.52,525.8,521.3,525.74,488.036,197943400
2017-11-29,526.04,527.26,524.4,525.42,487.739,155024200
2017-11-30,527.52,532.1,527.34,530.02,492.009,255788800
2017-12-01,529.52,530.62,521.52,528.92,490.988,328781800
2017-12-04,532.62,533.6,528.16,528.28,490.393,188081200
2017-12-05,526.38,530.3,526.08,526.38,488.63,155989000
2017-12-06,526.6,527.46,525.42,526.48,488.723,151797200
2017-12-07,528.14,528.86,525.88,528.14,490.264,154437200
2017-12-08,530.32,531.04,528.06,531.02,492.937,153127800
2017-12-11,532.62,532.76,530.96,532.62,494.422,166155000
2017-12-12,534.42,534.64,532.7,533.56,495.295,170391600
2017-12-13,534.12,535.12,533.3,533.5,495.239,205810800
2017-12-14,534.18,534.44,531.2,531.32,493.216,201333400
2017-12-15,530.9,534.08,530.78,533.02,497.323,289220600
2017-12-18,536.2,537.2,535.96,536.4,500.476,167307200
2017-12-19,536.96,537.06,534.18,534.34,498.555,164765800
2017-12-20,536.54,536.66,533.38,534.06,498.293,153503000
2017-12-21,535.48,536.78,534.6,535.16,499.319,134064600
2017-12-22,535.2,535.28,533.8,535.02,499.189,157441800
2017-12-26,534.1,534.88,533.78,534.38,498.592,90488800
2017-12-27,534.76,535.46,534.02,534.64,498.834,115502000
2017-12-28,535.78,535.84,534.9,535.74,499.861,90232200
2017-12-29,537.06,537.1,533.28,533.72,497.976,192014800
2018-01-02,535.68,537.62,534.8,537.54,501.54,173311400
2018-01-03,537.92,541.28,537.92,540.94,504.712,180140800
2018-01-04,542.4,544.32,541.08,543.22,506.84,161272800
2018-01-05,545.02,547.12,543.9,546.84,510.217,167048000
2018-01-08,546.62,548.2,545.96,547.84,511.15,114638400
2018-01-09,548.8,550.5,548.16,549.08,512.307,114508000
2018-01-10,547.36,548.84,545.84,548.24,511.523,139148600
2018-01-11,549.5,552.24,549.12,552.24,515.256,124723000
2018-01-12,552.84,556.22,552.16,555.84,518.615,181632200
2018-01-16,558.7,560.18,552.36,553.94,516.842,213110200
2018-01-17,556.06,560.1,553.94,559.22,521.768,226517600
2018-01-18,558.96,559.92,557.16,558.28,520.891,201456000
2018-01-19,559.6,560.82,558.28,560.82,523.261,281840200
2018-01-22,560.34,565.38,560.22,565.38,527.515,182644800
2018-01-23,565.48,567.24,564.74,566.58,528.635,194169400
2018-01-24,568.04,569.4,563.68,566.36,528.43,269632200
2018-01-25,568.32,568.54,564.8,566.6,528.654,169174600
2018-01-26,568.5,573.26,567.92,573.16,534.774,215486200
2018-01-29,571.86,572.86,569.0,569.36,531.229,180236600
2018-01-30,565.2,569.48,562.44,563.52,525.78,263592800
2018-01-31,565.46,566.6,561.36,563.8,526.041,216729600
2018-02-01,562.14,566.12,561.36,563.16,525.444,180205000
2018-02-02,560.16,560.46,550.82,550.9,514.005,346349600
2018-02-05,546.9,551.7,526.62,527.86,492.508,589363600
2018-02-06,519.88,539.4,517.4,538.26,502.212,710053600
2018-02-07,537.0,544.72,535.16,535.34,499.487,334752200
2018-02-08,536.02,536.34,515.18,515.26,480.752,492899000
2018-02-09,521.6,527.22,505.84,523.0,487.974,567130600
2018-02-12,527.66,534.02,523.32,530.68,495.139,287472000
2018-02-13,527.94,533.24,526.62,532.0,496.371,162447200
2018-02-14,528.62,540.0,528.6,539.18,503.07,241471400
2018-02-15,543.14,546.08,537.54,546.06,509.489,222400600
2018-02-16,544.64,550.64,544.54,546.22,509.639,320840200
2018-02-20,544.06,547.34,541.0,542.8,506.448,172739400
2018-02-21,543.8,549.44,539.88,540.1,503.928,197767400
2018-02-22,542.2,546.1,539.28,540.8,504.582,221022600
2018-02-23,543.58,549.42,542.5,549.42,512.624,185532800
2018-02-26,551.86,556.02,550.52,555.8,518.577,172982800
2018-02-27,556.22,557.84,548.72,548.86,512.102,198198400
2018-02-28,551.36,552.38,542.58,543.3,506.914,243815600
2018-03-01,542.82,546.34,532.0,535.4,499.543,353710200
2018-03-02,531.6,539.44,529.64,538.16,502.118,278166400
2018-03-05,535.46,545.78,535.22,544.38,507.922,194614800
2018-03-06,546.6,546.78,542.36,545.76,509.21,158426400
2018-03-07,540.84,546.36,540.4,545.56,509.023,174127000
2018-03-08,547.1,548.48,544.84,548.2,511.486,133802400
2018-03-09,551.4,557.74,550.68,557.74,520.387,227250600
2018-03-12,558.4,559.82,556.16,557.04,519.734,143849600
2018-03-13,559.68,560.82,552.06,553.44,516.375,183937800
2018-03-14,555.62,556.04,549.34,550.6,513.725,211790200
2018-03-15,551.76,553.22,548.86,550.0,513.166,166866000
2018-03-16,549.0,550.78,548.28,548.4,513.722,200687400
2018-03-19,546.7,548.8,537.24,540.98,506.771,218416800
2018-03-20,541.88,543.34,540.36,541.9,507.633,119514600
2018-03-21,541.8,546.54,540.38,540.86,506.659,157419200
2018-03-22,535.82,537.74,526.72,527.34,493.994,297571800
2018-03-23,528.34,529.08,515.66,516.1,483.464,367069600
2018-03-26,524.26,530.86,518.82,530.22,496.691,283912200
2018-03-27,532.34,533.54,517.68,521.2,488.242,259882800
2018-03-28,521.5,525.28,517.16,519.66,486.799,292904600
2018-03-29,522.24,530.52,519.68,526.3,493.02,223203200
2018-04-02,525.1,526.26,509.34,514.94,482.378,372572600
2018-04-03,517.74,522.62,513.68,521.54,488.561,239913800
2018-04-04,513.5,528.72,513.2,527.12,493.788,247430600
2018-04-05,531.1,533.28,528.64,531.28,497.685,165305200
2018-04-06,526.84,530.22,516.0,519.44,486.593,359042400
2018-04-09,522.74,529.68,519.88,522.0,488.991,210885800
2018-04-10,528.54,532.08,525.96,530.3,496.767,207058000
2018-04-11,526.94,531.28,526.78,527.52,494.162,182280400
2018-04-12,530.52,534.0,530.12,531.86,498.228,137781000
2018-04-13,534.82,535.08,528.02,530.3,496.767,170158400
2018-04-16,534.0,536.4,532.14,534.66,500.851,126810600
2018-04-17,538.66,541.74,537.5,540.38,506.209,129364000
2018-04-18,541.38,542.6,539.74,540.78,506.584,114607800
2018-04-19,539.3,539.76,535.44,537.78,503.774,155311800
2018-04-20,537.62,538.12,531.22,533.22,499.502,199906200
2018-04-23,534.52,535.78,530.7,533.14,499.427,131116000
2018-04-24,535.46,535.96,522.56,525.96,492.701,225771000
2018-04-25,525.82,528.26,521.7,527.26,493.919,207681800
2018-04-26,529.58,534.5,528.58,532.62,498.94,135463800
2018-04-27,534.0,534.68,531.0,533.12,499.408,114107200
2018-04-30,534.52,535.78,528.86,529.02,495.568,164364600
2018-05-01,527.74,530.2,524.22,529.96,496.448,148406800
2018-05-02,529.52,531.36,525.52,526.4,493.113,172737800
2018-05-03,524.52,526.72,518.1,525.24,492.026,272623000
2018-05-04,523.04,533.58,522.3,532.04,498.397,182444200
2018-05-07,533.78,536.04,532.22,533.84,500.083,110609800
2018-05-08,533.0,534.66,530.3,533.84,500.083,134998400
2018-05-09,535.36,539.74,534.18,539.0,504.916,119332200
2018-05-10,540.68,544.78,540.44,544.04,509.638,144127800
2018-05-11,544.32,546.3,543.16,545.7,511.193,119743000
2018-05-14,546.68,548.16,544.72,545.96,511.436,109581200
2018-05-15,543.18,543.22,540.06,542.2,507.914,174072200
2018-05-16,542.28,545.52,542.22,544.48,510.05,107885200
2018-05-17,543.88,546.46,542.26,544.02,509.619,113072800
2018-05-18,543.24,544.06,541.86,542.66,508.345,128736000
2018-05-21,546.02,547.96,545.14,546.74,512.167,116051800
2018-05-22,547.92,548.5,544.48,545.22,510.743,105932800
2018-05-23,542.34,546.78,541.98,546.72,512.148,129388400
2018-05-24,545.82,546.44,541.56,545.6,511.099,152087600
2018-05-25,544.3,545.72,543.16,544.3,509.881,112749600
2018-05-29,540.62,542.34,535.52,538.04,504.017,231817200
2018-05-30,541.0,546.22,540.84,545.22,510.743,139356800
2018-05-31,544.3,544.98,540.52,541.88,507.614,187039800
2018-06-01,544.82,547.88,544.66,547.2,512.598,142516800
2018-06-04,549.06,550.38,548.52,549.8,515.034,90770400
2018-06-05,550.1,551.06,548.36,550.2,515.408,102270000
2018-06-06,551.58,555.04,550.18,554.8,519.717,125464400
2018-06-07,555.9,556.56,552.68,554.74,519.661,145938800
2018-06-08,553.7,556.5,553.32,556.38,521.197,144279400
2018-06-11,556.88,558.74,556.62,557.12,521.891,117785000
2018-06-12,558.06,558.66,556.38,557.84,522.565,144658000
2018-06-13,558.38,558.96,555.6,556.06,520.898,158141200
2018-06-14,558.02,558.66,556.12,557.46,522.209,154195200
2018-06-15,553.2,555.02,550.7,554.26,521.543,240083200
2018-06-18,550.98,553.4,549.9,553.12,520.47,105835200
2018-06-19,548.0,551.5,547.06,551.0,518.475,195063000
2018-06-20,552.54,553.44,551.18,551.94,519.36,107571000
2018-06-21,551.92,551.96,547.36,548.48,516.104,142122800
2018-06-22,551.32,551.58,548.98,549.48,517.045,109797000
2018-06-25,546.88,547.24,538.2,542.0,510.007,275708400
2018-06-26,543.28,545.12,541.58,543.2,511.136,137094800
2018-06-27,544.52,547.74,538.36,538.7,506.901,210221400
2018-06-28,538.58,543.5,536.98,541.78,509.8,153301000
2018-06-29,544.24,547.32,542.3,542.56,510.534,195185000
2018-07-02,539.02,544.08,538.48,543.72,511.625,127109600
2018-07-03,545.74,545.96,540.84,541.8,509.818,84374200
2018-07-05,544.34,546.36,541.92,546.22,513.977,113851800
2018-07-06,546.28,551.68,545.42,550.84,518.325,132987400
2018-07-09,553.1,555.92,553.0,555.8,522.992,101100800
2018-07-10,556.82,558.02,556.16,557.8,524.874,103933600
2018-07-11,554.3,556.08,553.04,553.72,521.035,154109400
2018-07-12,556.56,558.86,555.2,558.74,525.758,120249400
2018-07-13,558.34,559.86,557.32,559.18,526.172,96432000
2018-07-16,559.28,559.6,557.68,558.68,525.702,96402000
2018-07-17,556.94,561.82,556.82,560.94,527.829,104631000
2018-07-18,561.12,562.36,560.12,562.12,528.939,89187000
2018-07-19,560.62,561.48,558.92,560.0,526.944,122824200
2018-07-20,559.54,560.96,559.0,559.36,526.342,164675400
2018-07-23,558.9,560.86,558.12,560.4,527.32,94095200
2018-07-24,563.58,565.12,561.26,563.22,529.974,136053800
2018-07-25,562.66,568.74,562.56,568.02,534.491,157765800
2018-07-26,566.4,568.22,566.18,566.68,533.23,115839000
2018-07-27,567.42,567.64,560.76,562.84,529.616,153537400
2018-07-30,563.02,563.38,558.72,559.9,526.85,127485000
2018-07-31,561.62,564.04,560.76,562.66,529.447,137141000
2018-08-01,563.12,564.26,560.26,561.72,528.563,107706600
2018-08-02,558.78,565.16,558.32,564.78,531.442,126852800
2018-08-03,565.06,567.32,564.66,567.2,533.719,107870800
2018-08-06,567.28,569.98,566.4,569.28,535.676,78801800
2018-08-07,570.78,572.02,570.48,571.16,537.445,86393200
2018-08-08,570.78,571.82,569.88,570.92,537.219,84229200
2018-08-09,571.06,571.94,569.84,570.14,536.486,71434000
2018-08-10,566.9,568.12,564.72,566.32,532.891,154152000
2018-08-13,566.94,568.32,563.54,564.2,530.896,131465800
2018-08-14,565.84,568.34,564.96,567.8,534.284,87684000
2018-08-15,564.76,565.08,560.32,563.56,530.294,205850800
2018-08-16,566.8,570.08,566.72,568.12,534.585,139935800
2018-08-17,567.66,571.12,566.74,570.12,536.467,131237000
2018-08-20,571.14,571.94,570.12,571.34,537.615,79615000
2018-08-21,572.5,574.62,571.42,572.68,538.876,134544000
2018-08-22,571.76,573.52,571.16,572.34,538.556,89986600
2018-08-23,571.94,573.88,570.86,571.58,537.841,98409800
2018-08-24,572.88,575.34,572.76,575.02,541.078,114974800
2018-08-27,577.72,579.8,577.36,579.56,545.349,114144800
2018-08-28,580.6,580.84,578.8,579.84,545.613,93887000
2018-08-29,580.32,583.48,579.78,582.96,548.549,122971000
2018-08-30,581.88,582.72,579.26,580.6,546.328,122459000
2018-08-31,579.68,581.62,578.58,580.62,546.347,132281600
2018-09-04,579.68,580.42,577.36,579.62,545.406,115188800
2018-09-05,578.82,579.28,575.78,578.06,543.938,144904800
2018-09-06,578.3,578.98,574.0,576.32,542.301,131819800
2018-09-07,573.96,577.4,573.42,575.2,541.247,147049600
2018-09-10,577.48,578.08,575.76,576.2,542.188,100421800
2018-09-11,574.74,579.1,573.96,578.1,543.976,101061000
2018-09-12,578.12,579.6,576.46,578.24,544.107,119621600
2018-09-13,580.64,582.08,580.0,581.66,547.325,102068400
2018-09-14,582.12,582.54,580.0,581.76,547.42,110159800
2018-09-17,581.64,581.72,578.06,578.68,544.521,136488000
2018-09-18,579.16,583.16,579.1,581.82,547.476,123860800
2018-09-19,581.94,583.38,581.66,582.44,548.06,98161200
2018-09-20,585.28,587.88,582.48,587.16,552.501,200721200
2018-09-21,586.18,586.44,583.62,583.98,551.996,210959400
2018-09-24,582.68,583.0,580.74,582.04,550.162,106819200
2018-09-25,583.06,583.3,580.96,581.5,549.652,88740000
2018-09-26,581.82,584.48,578.82,579.76,548.007,159479400
2018-09-27,580.82,583.82,580.2,581.38,549.538,118499000
2018-09-28,579.98,582.56,579.9,581.44,549.595,140182800
2018-10-01,584.22,585.86,581.96,583.46,551.505,124157800
2018-10-02,583.12,584.72,582.28,583.12,551.183,94516400
2018-10-03,585.48,586.42,582.64,583.44,551.486,129389200
2018-10-04,582.36,582.48,575.32,578.88,547.175,223091800
2018-10-05,579.38,580.54,572.44,575.64,544.113,211903400
2018-10-08,574.1,576.44,571.0,575.64,544.113,175484400
2018-10-09,574.78,577.72,573.54,574.8,543.319,148678000
2018-10-10,573.66,573.82,555.76,556.6,526.116,429462000
2018-10-11,554.16,557.8,540.72,544.34,514.527,549681000
2018-10-12,553.54,554.18,544.74,551.9,521.673,366373000
2018-10-15,551.1,554.08,548.6,548.8,518.743,204527400
2018-10-16,553.2,561.64,552.14,560.8,530.086,236511600
2018-10-17,560.88,562.3,555.12,560.9,530.18,221252000
2018-10-18,558.8,560.14,549.94,552.8,522.524,269115000
2018-10-19,554.26,558.6,550.94,552.5,522.24,279803200
2018-10-22,554.0,554.72,548.82,550.02,519.896,164831600
2018-10-23,541.9,549.74,537.22,547.22,517.249,292705400
2018-10-24,546.66,547.52,529.4,530.64,501.577,355613400
2018-10-25,534.76,543.62,532.46,540.16,510.576,276123000
2018-10-26,531.84,542.0,524.58,530.66,501.596,403149200
2018-10-29,537.6,540.5,519.7,527.72,498.817,321498200
2018-10-30,527.34,536.24,526.24,535.54,506.209,314232000
2018-10-31,541.3,546.46,540.24,541.26,511.616,256592600
2018-11-01,543.2,547.46,540.76,547.02,517.06,198990000
2018-11-02,549.5,550.46,539.18,543.78,513.998,245268200
2018-11-05,544.88,548.02,542.7,546.78,516.834,131245000
2018-11-06,546.64,550.6,546.5,550.24,520.104,120171800
2018-11-07,555.12,562.2,554.16,562.02,531.239,205504200
2018-11-08,560.22,562.44,558.44,561.0,530.275,131169800
2018-11-09,558.06,558.48,552.36,555.52,525.095,197625200
2018-11-12,554.38,554.92,543.98,545.14,515.283,199347200
2018-11-13,546.18,550.66,542.5,544.12,514.319,196353200
2018-11-14,548.32,549.22,536.9,540.4,510.803,250671800
2018-11-15,537.56,547.08,534.02,546.04,516.134,270202800
2018-11-16,543.58,549.5,542.42,547.46,517.476,253336000
2018-11-19,546.1,546.76,536.14,538.2,508.723,206123400
2018-11-20,530.72,534.0,526.3,528.24,499.309,272042600
2018-11-21,531.72,534.3,530.02,530.04,501.01,151127400
2018-11-23,526.36,529.64,526.14,526.5,497.664,85615800
2018-11-26,531.56,535.5,530.68,535.0,505.699,159962800
2018-11-27,532.68,536.8,531.32,536.8,507.4,151004800
2018-11-28,539.2,549.16,536.66,549.16,519.083,255259200
2018-11-29,547.42,551.1,544.86,547.96,517.949,164692800
2018-11-30,547.62,552.56,546.9,551.3,521.106,196408400
2018-12-03,560.56,560.8,555.02,558.6,528.006,206352600
2018-12-04,556.74,557.7,539.8,540.5,510.897,355972000
2018-12-06,531.84,539.94,524.88,539.68,510.122,408370800
2018-12-07,538.92,542.44,525.26,527.14,498.269,322037800
2018-12-10,526.74,530.32,517.24,528.14,499.214,302891800
2018-12-11,535.32,535.74,524.96,528.26,499.328,243008800
2018-12-12,534.94,538.0,530.74,530.92,501.842,195953400
2018-12-13,533.04,534.98,528.24,530.74,501.672,193325400
2018-12-14,525.92,528.06,519.7,520.94,492.409,233922200
2018-12-17,518.8,521.3,507.06,510.72,482.748,330984600
2018-12-18,514.4,515.9,506.56,510.16,482.219,269030200
2018-12-19,510.34,518.8,498.7,502.52,474.998,429985600
2018-12-20,499.72,503.24,489.3,494.34,467.266,504106800
2018-12-21,493.48,499.42,479.96,481.4,457.692,510691200
2018-12-24,478.08,481.68,468.54,468.68,445.598,294623200
2018-12-26,471.94,492.36,467.52,492.36,468.112,436970800
2018-12-27,485.14,496.58,477.92,496.14,471.706,372534600
2018-12-28,499.16,502.8,492.9,495.5,471.097,306200400
2018-12-31,499.12,500.38,494.94,499.84,475.223,288598800
2019-01-02,491.96,502.42,491.9,500.36,475.718,253850400
2019-01-03,496.46,497.14,487.34,488.42,464.366,288281400
2019-01-04,495.18,506.22,494.34,504.78,479.92,285257600
2019-01-07,505.38,511.9,503.38,508.76,483.704,206278200
2019-01-08,513.64,514.62,508.0,513.54,488.249,205025200
2019-01-09,515.12,517.82,512.38,515.94,490.53,190013200
2019-01-10,512.52,518.32,511.0,517.76,492.261,193647800
2019-01-11,515.36,518.02,514.06,517.96,492.451,147716200
2019-01-14,513.72,516.6,512.82,514.8,489.447,141816400
2019-01-15,515.64,521.4,515.62,520.7,495.056,170416600
2019-01-16,521.66,523.94,521.2,521.96,496.254,155273400
2019-01-17,520.02,527.84,519.92,525.92,500.019,192236800
2019-01-18,529.96,533.96,526.0,532.92,506.674,255800600
2019-01-22,529.64,530.12,522.12,525.72,499.829,231062400
2019-01-23,528.02,529.58,521.32,526.82,500.875,172060600
2019-01-24,526.42,528.4,524.16,527.1,501.141,118408200
2019-01-25,531.22,533.4,527.32,531.56,505.381,193766800
2019-01-28,526.78,527.66,523.58,527.52,501.54,171227400
2019-01-29,527.84,529.1,524.96,526.82,500.875,132272600
2019-01-30,530.2,537.04,528.5,535.16,508.804,184947400
2019-01-31,535.02,540.94,534.54,539.86,513.272,208024200
2019-02-01,540.3,542.4,538.36,540.12,513.52,171565000
2019-02-04,540.22,544.06,538.72,543.92,517.132,121489600
2019-02-05,544.88,546.88,543.76,546.2,519.3,159105600
2019-02-06,545.58,546.68,543.84,545.48,518.616,116695600
2019-02-07,541.88,543.1,536.58,540.28,513.672,190964000
2019-02-08,537.5,541.16,535.66,540.94,514.299,151577800
2019-02-11,542.4,542.98,540.06,541.24,514.584,136042800
2019-02-12,544.84,549.04,544.68,548.2,521.202,144540400
2019-02-13,550.06,551.86,549.12,549.98,522.894,130554400
2019-02-14,547.56,551.28,545.74,548.76,521.734,166468800
2019-02-15,552.72,554.82,552.26,554.74,527.42,194177400
2019-02-19,552.96,557.16,552.94,555.7,528.332,118241600
2019-02-20,555.62,557.84,554.5,556.82,529.397,153221600
2019-02-21,555.4,556.2,552.7,554.84,527.515,128429400
2019-02-22,556.22,558.72,554.8,558.28,530.785,156229200
2019-02-25,561.46,562.62,558.86,559.04,531.508,138061400
2019-02-26,558.26,560.6,557.8,558.64,531.128,113688200
2019-02-27,557.04,559.18,554.96,558.4,530.899,113843200
2019-02-28,557.92,558.9,556.64,557.36,529.91,138536600
2019-03-01,560.88,561.76,557.64,560.84,533.219,157761000
2019-03-04,563.2,563.74,553.68,558.8,531.28,212989200
2019-03-05,559.08,559.52,556.82,558.04,530.557,118229200
2019-03-06,558.3,558.32,553.94,554.66,527.344,150079600
2019-03-07,553.66,553.98,548.14,550.02,522.932,189770200
2019-03-08,545.88,549.3,544.84,548.92,521.886,171591600
2019-03-11,550.52,557.24,550.46,556.88,529.454,130197800
2019-03-12,558.12,560.14,557.7,558.98,531.451,159335000
2019-03-13,560.96,564.76,560.6,562.68,534.969,161278400
2019-03-14,562.74,563.68,561.34,562.32,534.626,135036800
2019-03-15,561.08,564.42,560.66,562.62,537.268,162618000
2019-03-18,563.1,565.32,562.6,564.66,539.216,124399600
2019-03-19,567.02,568.72,562.82,564.8,539.349,180536200
2019-03-20,564.32,567.0,560.64,563.1,537.726,169218400
2019-03-21,561.28,570.36,561.18,569.46,543.799,159100800
2019-03-22,566.44,567.6,558.36,558.5,533.333,245318600
2019-03-25,557.74,560.38,555.28,558.08,532.932,171150400
2019-03-26,561.98,564.36,559.12,562.24,536.905,136251800
2019-03-27,562.22,563.52,555.86,559.3,534.097,144449400
2019-03-28,560.7,562.42,558.14,561.42,536.122,112477000
2019-03-29,564.78,565.68,562.28,564.96,539.502,164373600
2019-04-01,569.4,572.32,568.8,571.66,545.9,155235800
2019-04-02,572.08,572.46,570.18,571.94,546.168,80140800
2019-04-03,574.64,575.52,571.5,572.84,547.027,136486400
2019-04-04,573.56,574.92,572.02,574.36,548.479,97995000
2019-04-05,575.84,577.26,575.2,577.14,551.133,117243400
2019-04-08,576.2,577.82,574.74,577.58,551.554,107132600
2019-04-09,575.44,576.16,573.4,574.62,548.727,132284600
2019-04-10,575.54,576.78,574.62,576.58,550.599,105203000
2019-04-11,577.66,577.68,575.16,576.42,550.446,110186200
2019-04-12,580.0,580.94,576.52,580.32,554.17,139455600
2019-04-15,580.48,580.7,578.16,579.94,553.807,99193400
2019-04-16,581.9,582.02,579.0,580.32,554.17,104306400
2019-04-17,582.8,582.86,577.98,578.9,552.814,116536600
2019-04-18,580.2,580.64,577.32,580.04,553.903,137417000
2019-04-22,578.34,580.88,578.14,580.54,554.38,80320200
2019-04-23,581.36,586.28,580.84,585.76,559.365,104493200
2019-04-24,585.58,586.32,584.14,584.46,558.123,100785800
2019-04-25,584.24,585.56,581.46,584.1,557.78,115541800
2019-04-26,584.2,586.98,582.48,586.82,560.377,101832800
2019-04-29,587.02,588.9,586.82,587.74,561.256,114395400
2019-04-30,586.98,588.68,583.84,588.04,561.542,162223400
2019-05-01,589.44,589.9,583.6,583.62,557.321,143343800
2019-05-02,583.36,585.4,579.04,582.36,556.118,130060400
2019-05-03,585.64,588.68,582.6,588.06,561.561,113087400
2019-05-06,578.5,586.62,577.8,585.64,559.25,214396200
2019-05-07,580.3,581.62,571.62,575.86,549.911,289459800
2019-05-08,575.06,578.86,573.74,575.06,549.147,183136600
2019-05-09,570.46,574.66,566.6,573.32,547.485,206942200
2019-05-10,571.24,577.88,564.6,576.2,550.236,224858600
2019-05-13,564.84,566.98,559.86,561.72,536.408,254581000
2019-05-14,563.98,570.2,563.7,566.8,541.259,154006400
2019-05-15,563.18,571.54,562.72,570.12,544.43,147912800
2019-05-16,571.68,578.42,571.52,575.4,549.472,153499200
2019-05-17,570.28,577.2,570.24,571.68,545.919,200706000
2019-05-20,568.12,571.92,566.24,567.9,542.31,125755200
2019-05-21,571.66,573.86,571.1,573.02,547.199,93694200
2019-05-22,570.9,573.38,570.2,571.26,545.518,98965000
2019-05-23,566.32,566.42,561.14,564.28,538.853,197467600
2019-05-24,567.48,568.4,564.18,565.56,540.075,110536200
2019-05-28,566.18,568.3,560.26,560.3,535.052,140058800
2019-05-29,557.82,558.72,553.42,556.54,531.462,209945800
2019-05-30,558.22,560.08,555.62,558.06,532.913,125047600
2019-05-31,552.4,554.24,550.48,550.54,525.732,173725600
2019-06-03,550.62,553.1,546.18,549.14,524.395,192856000
2019-06-04,554.24,561.36,553.24,561.06,535.778,154463800
2019-06-05,564.66,565.98,560.64,565.92,540.419,142339400
2019-06-06,566.58,571.1,565.14,569.6,543.933,138860800
2019-06-07,571.86,577.7,571.48,575.3,549.376,148544400
2019-06-10,578.74,581.64,577.74,577.94,551.897,121598200
2019-06-11,581.98,582.8,576.36,577.8,551.764,117282600
2019-06-12,577.28,578.52,575.64,576.78,550.79,94192600
2019-06-13,578.8,579.96,577.24,579.16,553.062,97890400
2019-06-14,578.52,579.86,576.82,578.52,552.451,104649400
2019-06-17,579.04,580.44,578.36,578.74,552.661,78411400
2019-06-18,582.78,587.14,581.98,584.8,558.448,170869600
2019-06-19,585.1,587.3,582.94,586.12,559.709,157348800
2019-06-20,592.08,592.62,586.26,591.72,565.056,233140000
2019-06-21,588.26,591.04,587.52,588.0,564.235,166619000
2019-06-24,588.46,589.16,586.94,587.28,563.544,95165400
2019-06-25,587.4,587.46,581.28,581.52,558.017,164057400
2019-06-26,583.5,584.62,580.7,580.94,557.46,103169800
2019-06-27,582.62,584.12,581.78,583.0,559.437,80710400
2019-06-28,585.16,587.1,584.02,586.0,562.316,118701800
2019-07-01,593.36,593.84,588.66,591.32,567.421,157411200
2019-07-02,591.22,592.98,589.36,592.86,568.899,123009000
2019-07-03,594.36,597.64,594.04,597.6,573.447,81797800
2019-07-05,594.88,597.28,592.02,596.92,572.794,103354600
2019-07-08,594.02,596.52,592.44,593.64,569.647,91683600
2019-07-09,591.08,595.04,590.96,594.38,570.357,82202600
2019-07-10,596.74,599.32,595.56,597.22,573.082,116897000
2019-07-11,598.64,599.16,596.4,598.62,574.426,101652200
2019-07-12,599.7,601.46,599.02,601.3,576.997,80652000
2019-07-15,602.26,602.26,600.38,601.5,577.189,67800000
2019-07-16,601.3,601.76,598.88,599.56,575.328,73300200
2019-07-17,599.5,599.86,595.48,595.48,571.413,72072600
2019-07-18,594.38,598.5,593.4,597.66,573.505,102785200
2019-07-19,600.08,600.14,593.96,594.34,570.319,117357200
2019-07-22,595.22,597.0,594.08,595.8,571.72,87276200
2019-07-23,598.28,600.06,596.44,600.06,575.807,89129000
2019-07-24,598.38,602.88,598.18,602.88,578.514,94426400
2019-07-25,601.88,602.0,598.22,600.0,575.75,110788200
2019-07-26,601.52,604.46,601.24,604.02,579.607,90168200
2019-07-29,603.76,604.02,601.7,602.92,578.552,76253000
2019-07-30,599.82,602.34,598.98,601.44,577.132,91698000
2019-07-31,601.98,602.4,590.4,594.86,570.818,208490400
2019-08-01,595.2,601.74,587.92,589.68,565.847,285293200
2019-08-02,587.7,588.24,581.8,585.24,561.587,233499400
2019-08-05,576.18,576.42,563.44,567.64,544.698,357490800
2019-08-06,571.82,576.08,568.56,575.6,552.336,241423400
2019-08-07,568.8,577.64,564.08,575.94,552.662,281144600
2019-08-08,579.24,587.24,578.02,587.24,563.506,175427800
2019-08-09,585.16,586.48,579.3,583.24,559.667,187460000
2019-08-12,579.92,583.22,574.04,576.14,552.854,131055200
2019-08-13,575.48,588.3,574.72,585.1,561.452,188599600
2019-08-14,576.14,577.48,567.52,567.8,544.851,271244200
2019-08-15,569.76,571.28,564.78,569.3,546.291,199113200
2019-08-16,572.96,578.66,569.42,577.7,554.351,166036600
2019-08-19,584.38,586.16,582.88,584.66,561.03,107143600
2019-08-20,583.54,584.72,579.9,580.18,556.731,103192800
2019-08-21,584.96,585.72,583.44,584.9,561.26,99049400
2019-08-22,586.46,587.86,580.8,584.72,561.087,103332800
2019-08-23,581.84,585.52,566.94,569.7,546.675,298323000
2019-08-26,574.54,576.0,571.16,576.0,552.72,144847600
2019-08-27,579.08,579.9,572.06,573.74,550.551,133337800
2019-08-28,572.28,578.14,570.5,577.78,554.428,119393400
2019-08-29,583.44,586.32,581.22,585.16,561.51,115798800
2019-08-30,588.44,588.48,582.84,584.9,561.26,125802400
2019-09-03,581.14,583.16,578.54,581.48,557.979,138202800
2019-09-04,586.28,588.12,584.62,588.08,564.312,93774600
2019-09-05,593.58,597.66,588.0,595.64,571.566,166516200
2019-09-06,596.34,597.52,594.84,596.1,572.008,99168600
2019-09-09,598.28,598.48,594.32,596.4,572.295,102520600
2019-09-10,594.72,596.4,591.94,596.26,572.161,115894200
2019-09-11,596.94,600.68,595.5,600.5,576.23,137642200
2019-09-12,602.5,604.92,600.82,602.58,578.226,145817400
2019-09-13,603.56,604.34,601.36,602.18,577.842,124209600
2019-09-16,599.68,602.28,598.9,600.32,576.057,116382400
2019-09-17,599.88,602.04,599.5,601.84,577.516,82951000
2019-09-18,600.98,602.44,596.48,602.2,577.861,146751600
2019-09-19,603.06,605.26,601.42,602.16,577.823,153121000
2019-09-20,600.72,601.34,594.82,596.56,575.093,179130000
2019-09-23,595.1,598.0,594.54,596.42,574.958,86953600
2019-09-24,598.82,599.68,589.62,591.74,570.446,189738800
2019-09-25,591.92,596.22,588.66,595.24,573.82,143708000
2019-09-26,595.26,595.72,590.9,594.0,572.625,112359400
2019-09-27,595.66,595.9,587.38,590.8,569.54,169493200
2019-09-30,591.94,595.1,591.84,593.54,572.181,103324800
2019-10-01,595.48,596.92,586.0,586.48,565.375,176484800
2019-10-02,583.0,583.02,573.28,576.12,555.388,245079000
2019-10-03,575.62,580.9,569.64,580.84,559.938,170557600
2019-10-04,582.28,589.26,582.16,588.7,567.516,130182400
2019-10-07,586.94,590.52,585.54,586.16,565.067,119221000
2019-10-08,582.08,583.7,576.98,577.06,556.294,191416200
2019-10-09,581.5,584.6,580.12,582.54,561.577,124718800
2019-10-10,582.36,588.42,582.0,586.48,565.375,110592600
2019-10-11,592.54,597.48,592.28,592.56,571.236,197440800
2019-10-14,591.86,593.34,591.14,591.9,570.6,80789600
2019-10-15,594.2,599.4,593.94,597.76,576.249,93509000
2019-10-16,596.74,598.32,595.84,596.8,575.324,97856400
2019-10-17,599.36,600.48,597.04,598.56,577.021,91473200
2019-10-18,597.38,598.8,594.06,595.94,574.495,128608000
2019-10-21,598.84,600.42,597.88,599.98,578.389,78097200
2019-10-22,601.16,601.8,597.82,598.02,576.5,97189400
2019-10-23,597.46,599.88,597.0,599.76,578.177,68704400
2019-10-24,601.82,602.14,598.92,600.74,579.122,70906200
2019-10-25,599.48,604.4,599.36,603.2,581.494,90410800
2019-10-28,605.88,607.7,605.82,606.6,584.771,84294000
2019-10-29,606.0,608.46,605.72,606.42,584.598,88569800
2019-10-30,606.86,609.1,603.98,608.28,586.391,99287800
2019-10-31,608.26,608.26,603.46,606.66,584.829,138107600
2019-11-01,609.84,612.38,609.48,612.28,590.247,142283000
2019-11-04,615.7,616.0,613.92,614.74,592.618,121213800
2019-11-05,615.18,615.84,613.42,614.06,591.963,85866400
2019-11-06,614.06,614.8,612.12,614.2,592.098,92974200
2019-11-07,617.14,619.3,615.32,616.36,594.18,108544600
2019-11-08,615.6,618.0,614.06,617.88,595.645,98064200
2019-11-11,614.84,617.08,614.54,616.7,594.508,71594600
2019-11-12,617.5,619.98,616.3,618.0,595.761,92969200
2019-11-13,615.82,619.08,615.32,618.2,595.954,107835400
2019-11-14,617.58,619.28,616.18,619.1,596.821,102439800
2019-11-15,622.04,623.68,620.52,623.58,601.14,124047200
2019-11-18,623.06,624.56,622.06,624.04,601.584,98456000
2019-11-19,625.36,625.38,622.44,623.86,601.41,135609400
2019-11-20,622.56,623.7,618.12,621.54,599.174,158812400
2019-11-21,621.78,622.02,618.78,620.54,598.21,109329400
2019-11-22,622.18,622.48,619.7,621.92,599.54,89700400
2019-11-25,623.96,626.74,623.96,626.74,604.187,97294400
2019-11-26,626.82,628.56,626.12,628.16,605.555,75138000
2019-11-27,629.22,630.96,628.74,630.96,608.255,88889200
2019-11-29,629.72,630.26,628.12,628.62,605.999,73185400
2019-12-02,629.18,629.32,622.34,623.28,600.851,151535600
2019-12-03,617.3,619.28,614.26,619.1,596.821,147883400
2019-12-04,621.4,624.24,620.64,622.92,600.504,98160000
2019-12-05,624.46,624.5,621.16,624.04,601.584,81418000
2019-12-06,628.24,630.62,628.22,629.74,607.078,97854000
2019-12-09,628.88,630.36,627.6,627.76,605.17,69677000
2019-12-10,627.64,629.1,625.62,627.06,604.495,105299600
2019-12-11,628.06,629.4,626.88,628.84,606.211,106858200
2019-12-12,628.86,635.98,628.34,634.26,611.436,192779200
2019-12-13,633.74,637.34,632.04,634.64,611.802,163007800
2019-12-16,638.44,640.3,634.5,639.0,616.005,165499400
2019-12-17,639.84,640.5,638.96,639.14,616.14,122195400
2019-12-18,640.0,640.5,639.06,639.18,616.179,96266000
2019-12-19,639.6,641.96,639.04,641.8,618.705,170621000
2019-12-20,640.92,643.94,638.78,641.46,621.417,294284200
2019-12-23,643.18,643.3,642.12,642.44,622.367,105980000
2019-12-24,642.94,643.04,641.8,642.46,622.386,40540000
2019-12-26,643.3,645.9,643.28,645.88,625.699,61822400
2019-12-27,647.48,647.6,644.56,645.72,625.544,85057600
2019-12-30,645.9,646.2,641.1,642.16,622.095,99458200
2019-12-31,641.06,644.26,640.3,643.72,623.607,114154600
2020-01-02,647.08,649.78,645.06,649.74,629.438,118302400
2020-01-03,642.32,647.28,642.2,644.82,624.672,155419400
2020-01-06,640.98,647.46,640.72,647.28,627.055,111307800
2020-01-07,646.04,647.08,644.48,645.46,625.292,80992800
2020-01-08,645.88,651.56,645.34,648.9,628.625,136592000
2020-01-09,652.32,653.46,651.04,653.3,632.887,96946600
2020-01-10,654.58,654.92,650.4,651.42,631.066,106058600
2020-01-13,652.78,655.92,651.84,655.9,635.406,94173600
2020-01-14,654.94,657.24,653.68,654.9,634.437,125665600
2020-01-15,654.7,658.04,654.52,656.38,635.871,144113200
2020-01-16,659.4,661.84,658.9,661.84,641.16,108100600
2020-01-17,663.4,664.36,661.7,663.9,643.156,191692000
2020-01-21,661.8,664.36,661.64,662.6,641.897,155484800
2020-01-22,664.48,665.9,662.34,662.68,641.974,97829800
2020-01-23,661.26,664.34,658.82,663.44,642.71,103926000
2020-01-24,664.88,665.06,654.72,657.54,636.995,175156800
2020-01-27,646.06,650.24,645.32,647.0,626.784,168125000
2020-01-28,650.12,655.7,647.2,653.78,633.352,127668000
2020-01-29,656.76,657.26,652.8,653.24,632.829,107777800
2020-01-30,648.72,655.82,647.08,655.36,634.883,150983600
2020-01-31,654.0,654.34,641.46,643.46,623.355,227691200
2020-02-03,646.7,652.32,646.44,648.24,627.985,138166000
2020-02-04,656.14,660.02,655.44,658.12,637.557,125146400
2020-02-05,664.54,666.18,661.34,665.72,644.919,131902200
2020-02-06,667.82,668.38,665.6,667.96,647.089,100719400
2020-02-07,665.64,667.98,663.2,664.4,643.64,128278800
2020-02-10,662.46,669.5,662.38,669.36,648.445,84140000
2020-02-11,672.32,674.04,669.36,670.52,649.569,109729000
2020-02-12,673.66,675.3,672.86,674.84,653.754,87985400
2020-02-13,671.72,676.24,671.12,674.12,653.057,109003800
2020-02-14,675.02,675.46,672.4,675.2,654.103,129164400
2020-02-18,673.02,675.34,670.42,673.46,652.417,114452400
2020-02-19,675.58,678.16,674.96,676.68,655.537,97629400
2020-02-20,675.48,677.28,667.36,673.9,652.843,148326800
2020-02-21,670.94,671.62,665.16,666.96,646.12,227576400
2020-02-24,646.28,667.12,642.48,644.84,624.692,322176800
2020-02-25,647.88,649.22,623.38,625.3,605.762,437826400
2020-02-26,628.36,636.22,621.4,623.0,603.534,389547600
2020-02-27,610.92,623.12,595.02,595.02,576.428,568707000
2020-02-28,577.4,595.78,571.08,592.52,574.006,769951600
2020-03-02,596.42,618.32,588.92,618.18,598.865,477407200
2020-03-03,619.0,627.68,595.14,600.48,581.717,600278200
2020-03-04,612.24,626.2,606.66,625.72,606.169,353226800
2020-03-05,609.96,616.94,600.02,604.92,586.019,372733600
2020-03-06,586.3,597.56,580.46,594.92,576.331,457334400
2020-03-09,550.6,568.38,546.9,548.46,531.323,618834600
2020-03-10,569.28,577.04,547.0,576.84,558.816,552888200
2020-03-11,561.4,563.88,541.76,548.72,531.575,510632600
2020-03-12,512.0,533.32,495.36,496.22,480.715,784441400
2020-03-13,526.18,542.96,497.04,538.64,521.81,659132200
2020-03-16,482.36,513.8,474.72,479.7,464.711,594480000
2020-03-17,490.08,512.34,474.14,505.6,489.802,524141000
2020-03-18,472.5,496.74,456.04,480.0,465.002,655194200
2020-03-19,478.5,494.76,464.44,481.02,465.99,578644000
2020-03-20,485.06,488.94,457.0,457.6,445.909,694317600
2020-03-23,456.38,459.36,436.52,445.9,434.508,652050400
2020-03-24,468.84,488.2,467.6,486.3,473.875,470989000
2020-03-25,489.74,512.7,479.5,493.58,480.969,598860600
2020-03-26,499.04,525.6,498.1,522.4,509.053,515265600
2020-03-27,506.54,521.62,502.1,506.84,493.891,448682400
2020-03-30,511.4,524.86,507.06,523.3,509.93,342739000
2020-03-31,521.12,526.66,512.44,515.5,502.329,389762200
2020-04-01,495.96,515.32,487.8,492.3,479.722,379109200
2020-04-02,490.38,505.36,489.18,503.66,490.792,355320800
2020-04-03,501.52,506.64,490.44,496.38,483.698,271122400
2020-04-06,515.68,534.0,496.34,529.72,516.186,376122400
2020-04-07,548.42,550.06,529.78,530.26,516.712,402854400
2020-04-08,535.92,552.0,530.5,548.06,534.057,307549000
2020-04-09,555.16,562.4,550.94,556.4,542.184,379998400
2020-04-13,554.28,555.02,542.82,551.32,537.234,229678200
2020-04-14,561.96,569.8,551.02,567.58,553.079,268286800
2020-04-15,555.14,567.88,550.92,555.52,541.327,243550000
2020-04-16,558.3,560.06,551.52,558.2,543.938,263596600
2020-04-17,570.76,574.6,564.8,573.28,558.633,293369600
2020-04-20,565.22,573.58,562.7,563.18,548.791,200218600
2020-04-21,553.46,556.08,544.04,546.08,532.128,252771400
2020-04-22,556.7,562.0,553.82,558.2,543.938,185903200
2020-04-23,560.98,567.88,557.5,558.16,543.899,209419400
2020-04-24,561.46,567.4,557.0,565.94,551.481,170126400
2020-04-27,570.24,576.54,569.24,574.1,559.432,155793200
2020-04-28,582.04,582.8,570.8,571.46,556.86,210540000
2020-04-29,583.06,589.76,580.82,586.42,571.437,237491200
2020-04-30,583.42,586.64,577.18,580.96,566.117,245803400
2020-05-01,570.62,581.32,563.04,565.58,551.13,250360000
2020-05-04,561.48,567.8,558.26,567.14,552.65,161746400
2020-05-05,573.28,578.5,567.42,572.38,557.756,159139800
2020-05-06,576.08,576.92,567.56,568.5,553.975,147265200
2020-05-07,575.5,579.56,574.26,575.36,560.66,150500800
2020-05-08,582.18,585.9,579.72,584.88,569.937,152904800
2020-05-11,580.68,588.0,579.76,585.0,570.054,159028400
2020-05-12,587.58,588.48,573.04,573.34,558.692,191741600
2020-05-13,572.12,574.38,557.92,563.2,548.811,289442200
2020-05-14,557.9,570.22,545.98,569.94,555.379,243955800
2020-05-15,564.74,572.66,562.68,572.56,557.931,222292600
2020-05-18,586.1,593.5,585.4,590.0,574.926,239407600
2020-05-19,588.7,592.42,583.9,583.94,569.021,190378600
2020-05-20,591.64,595.74,591.14,593.86,578.687,171723400
2020-05-21,593.58,595.34,587.38,589.76,574.692,156587800
2020-05-22,589.14,591.26,586.44,590.88,575.784,127916400
2020-05-26,603.86,604.38,590.92,598.16,582.878,177902800
2020-05-27,604.24,607.14,593.74,607.06,591.55,209634800
2020-05-28,609.3,613.68,604.48,605.94,590.459,180810400
2020-05-29,604.92,609.92,598.94,608.64,593.09,238181600
2020-06-01,607.24,612.42,606.12,611.1,595.487,111516600
2020-06-02,613.1,616.26,610.2,616.16,600.418,148534400
2020-06-03,620.48,626.44,619.88,624.36,608.408,185135200
2020-06-04,622.22,626.0,618.16,622.72,606.81,151588800
2020-06-05,634.46,642.54,634.32,638.68,622.362,301049400
2020-06-08,640.44,646.82,639.26,646.4,629.885,147282400
2020-06-09,640.6,646.56,638.72,641.58,625.188,154958400
2020-06-10,642.84,644.78,636.44,638.0,621.7,190001600
2020-06-11,622.92,624.3,600.02,601.22,585.859,418487200
2020-06-12,616.48,618.16,597.2,608.42,592.875,389357800
2020-06-15,596.04,616.56,593.48,614.1,598.41,271565400
2020-06-16,630.96,631.28,615.34,625.92,609.928,275255000
2020-06-17,628.14,628.78,621.72,623.32,607.395,166797800
2020-06-18,620.02,624.6,619.02,623.56,607.628,161657400
2020-06-19,628.34,628.76,613.06,617.28,604.156,271099200
2020-06-22,615.98,622.1,613.5,621.24,608.032,149298800
2020-06-23,626.98,629.0,623.22,624.1,610.831,136942400
2020-06-24,619.68,621.02,604.2,608.18,595.249,265627000
2020-06-25,606.94,615.28,602.56,614.7,601.631,178936000
2020-06-26,612.32,612.78,598.84,600.1,587.341,255922000
2020-06-29,602.82,609.22,597.86,608.92,595.974,159546600
2020-06-30,607.98,620.4,607.64,616.72,603.608,226789600
2020-07-01,619.14,623.78,618.14,621.04,607.836,144793000
2020-07-02,628.48,631.4,623.02,624.46,611.183,138688400
2020-07-06,632.74,635.36,631.12,634.1,620.618,123427600
2020-07-07,630.76,635.04,626.74,627.56,614.217,165820000
2020-07-08,629.22,632.6,625.4,632.36,618.915,109277200
2020-07-09,633.68,634.2,621.36,628.76,615.392,166708400
2020-07-10,628.62,635.76,625.52,635.18,621.675,115100800
2020-07-13,640.26,645.42,628.26,629.68,616.292,205995000
2020-07-14,626.6,639.52,624.0,637.84,624.279,187314000
2020-07-15,644.82,646.08,638.54,643.7,630.014,174393000
2020-07-16,639.58,642.56,638.18,641.58,627.939,109245000
2020-07-17,643.76,645.14,639.48,643.44,629.76,125549800
2020-07-20,642.86,650.26,641.24,648.64,634.849,112617600
2020-07-21,652.9,653.86,647.88,650.02,636.2,114584400
2020-07-22,649.24,654.4,649.0,653.72,639.821,115585800
2020-07-23,652.94,654.46,642.96,645.92,632.187,151476000
2020-07-24,641.9,643.98,638.5,641.76,628.116,147533200
2020-07-27,643.26,646.82,641.54,646.44,632.696,96586000
2020-07-28,644.86,647.28,641.7,642.34,628.683,114990000
2020-07-29,644.24,651.46,644.16,650.24,636.415,96908400
2020-07-30,643.8,648.82,639.28,647.92,634.145,123723400
2020-07-31,651.8,653.26,642.66,653.04,639.156,169973600
2020-08-03,656.64,659.24,655.46,657.58,643.599,106155800
2020-08-04,655.72,660.12,655.72,660.12,646.085,83835800
2020-08-05,662.94,664.78,662.36,664.22,650.098,85395400
2020-08-06,662.96,668.92,662.26,668.66,654.444,87358800
2020-08-07,666.56,669.76,664.6,669.14,654.913,114616600
2020-08-10,670.12,671.54,665.92,671.14,656.871,88564200
2020-08-11,673.7,675.08,664.02,665.6,651.449,139202200
2020-08-12,670.88,676.56,670.82,674.88,660.531,107548800
2020-08-13,673.22,676.5,671.66,673.66,659.337,83632200
2020-08-14,672.82,674.84,671.24,673.68,659.357,94520800
2020-08-17,675.88,676.68,673.7,675.82,661.451,70962000
2020-08-18,676.68,678.2,673.22,677.28,662.88,77467800
2020-08-19,678.1,679.22,673.24,674.46,660.12,136108400
2020-08-20,670.72,677.6,670.44,676.56,662.176,84415600
2020-08-21,675.84,679.44,675.1,678.96,664.525,110213200
2020-08-24,684.24,686.0,678.9,685.84,671.258,97177400
2020-08-25,687.06,688.42,684.54,688.24,673.607,76926800
2020-08-26,689.52,695.72,688.34,695.14,680.361,101580400
2020-08-27,697.02,699.8,693.06,696.66,681.848,116068200
2020-08-28,698.88,701.44,696.3,701.16,686.253,97177800
2020-08-31,700.7,702.6,698.12,698.62,683.766,132198400
2020-09-01,700.42,705.42,698.48,705.2,690.207,109817400
2020-09-02,709.34,717.5,706.86,715.4,700.19,139080000
2020-09-03,711.74,712.76,685.18,690.78,676.093,296022200
2020-09-04,692.26,695.66,669.74,685.14,670.573,278312600
2020-09-08,673.42,685.28,665.76,666.42,652.251,228930600
2020-09-09,675.1,684.92,673.22,679.58,665.131,182924600
2020-09-10,683.64,685.06,665.7,667.78,653.582,181139000
2020-09-11,671.64,673.94,662.0,668.12,653.915,169360400
2020-09-14,674.98,680.76,668.44,676.92,662.528,131211400
2020-09-15,682.24,684.04,676.94,680.34,665.875,105841800
2020-09-16,683.02,686.12,677.04,677.64,663.233,164192000
2020-09-17,667.12,675.4,665.98,671.68,657.399,183046600
2020-09-18,670.74,670.98,655.94,661.3,649.831,211755800
2020-09-21,651.4,654.26,643.46,653.94,642.599,198901600
2020-09-22,657.14,661.8,651.72,660.6,649.143,127224200
2020-09-23,661.8,662.4,644.2,645.28,634.089,186224400
2020-09-24,642.44,653.6,639.6,647.0,635.779,153362600
2020-09-25,645.16,659.16,643.28,657.46,646.058,142138800
2020-09-28,666.44,669.92,664.3,668.38,656.788,129169200
2020-09-29,667.94,669.54,663.24,664.74,653.211,102608000
2020-09-30,666.18,676.58,665.76,669.78,658.164,208162200
2020-10-01,675.38,677.48,670.02,674.08,662.389,177397400
2020-10-02,663.4,674.02,662.38,667.68,656.1,178862200
2020-10-05,672.12,679.92,672.02,679.52,667.735,91426200
2020-10-06,679.82,684.34,668.76,669.86,658.242,180257800
2020-10-07,676.24,683.26,676.18,681.52,669.7,113999200
2020-10-08,685.7,687.7,683.72,687.56,675.636,90485000
2020-10-09,691.12,694.7,689.78,693.7,681.669,119057200
2020-10-12,699.18,708.04,698.12,704.86,692.635,160777000
2020-10-13,704.56,704.94,698.18,700.26,688.115,146511000
2020-10-14,701.5,703.86,694.28,695.86,683.792,115455800
2020-10-15,687.42,696.04,686.26,695.0,682.946,120715400
2020-10-16,697.92,701.5,694.2,694.58,682.534,179003800
2020-10-19,697.3,698.66,682.08,684.02,672.157,136851200
2020-10-20,686.92,693.76,685.28,686.76,674.849,120103800
2020-10-21,686.66,691.34,684.8,685.46,673.572,127150000
2020-10-22,685.92,690.48,681.3,689.22,677.267,110798600
2020-10-23,691.86,691.98,686.26,691.56,679.566,98287800
2020-10-26,684.26,685.96,671.24,678.78,667.008,182946000
2020-10-27,679.52,680.24,675.98,676.44,664.708,131988200
2020-10-28,664.2,676.5,652.26,653.32,641.989,254188600
2020-10-29,653.82,666.8,650.18,659.96,648.514,181195400
2020-10-30,656.56,659.38,645.2,653.08,641.753,240574600
2020-11-02,660.4,664.72,654.48,660.4,648.947,172136600
2020-11-03,667.38,676.5,660.58,672.06,660.404,186588400
2020-11-04,681.72,695.88,679.18,687.08,675.164,253919400
2020-11-05,698.48,704.38,697.72,700.48,688.331,164079400
2020-11-06,699.86,703.02,695.3,700.32,688.174,149946000
2020-11-09,727.94,728.76,708.12,709.12,696.822,344608400
2020-11-10,706.98,710.36,701.02,708.08,695.8,171104000
2020-11-11,712.8,715.12,710.12,713.34,700.968,117298000
2020-11-12,711.16,713.44,702.52,706.42,694.168,135092400
2020-11-13,710.54,717.8,709.42,716.2,703.779,125784400
2020-11-16,721.96,725.56,719.18,725.14,712.564,149082200
2020-11-17,719.94,723.84,716.68,721.24,708.731,132222000
2020-11-18,721.82,723.0,712.48,712.56,700.202,141182600
2020-11-19,711.2,716.36,708.3,715.56,703.15,119881800
2020-11-20,715.0,715.44,710.5,710.66,698.335,140834600
2020-11-23,714.56,717.64,709.74,714.92,702.521,126461200
2020-11-24,720.42,727.62,718.58,726.44,713.841,124831800
2020-11-25,726.26,726.32,722.96,725.32,712.741,90661800
2020-11-27,727.68,728.36,725.16,727.34,714.726,57028200
2020-11-30,725.66,726.24,718.34,724.12,711.561,167745400
2020-12-01,731.14,735.36,729.86,732.04,719.344,148462800
2020-12-02,729.64,733.92,728.4,733.58,720.857,91854000
2020-12-03,733.36,736.38,731.0,733.38,720.661,125764000
2020-12-04,734.64,739.7,734.44,739.7,726.871,101499800
2020-12-07,738.04,739.24,735.44,738.18,725.378,97888600
2020-12-08,735.44,741.56,735.34,740.34,727.5,84917800
2020-12-09,741.76,742.1,731.9,733.7,720.975,148196600
2020-12-10,730.74,735.72,728.86,733.46,720.74,115470800
2020-12-11,729.8,733.48,726.52,732.6,719.894,115397200
2020-12-14,737.28,739.6,728.94,729.32,716.671,138432400
2020-12-15,734.8,739.18,731.84,739.18,726.36,127730600
2020-12-16,739.64,742.32,737.74,740.34,727.5,116841000
2020-12-17,743.88,744.92,742.1,744.48,731.568,128239000
2020-12-18,741.94,742.3,734.04,738.36,728.647,273084600
2020-12-21,729.94,756.92,724.06,735.72,726.042,192773400
2020-12-22,736.42,736.66,732.06,734.48,724.818,95898000
2020-12-23,736.56,739.24,734.44,735.14,725.47,92402800
2020-12-24,736.16,738.06,734.9,738.0,728.292,52915800
2020-12-28,743.48,745.18,742.14,744.34,734.549,78000800
2020-12-29,747.62,748.0,741.66,742.92,733.147,107361000
2020-12-30,744.68,746.2,743.14,743.98,734.193,98910600
2020-12-31,743.56,749.32,742.46,747.76,737.924,157041400
2021-01-04,750.62,750.9,729.64,737.58,727.878,220421600
2021-01-05,736.2,745.0,736.1,742.66,732.891,132852400
2021-01-06,739.42,753.96,738.24,747.1,737.272,215995400
2021-01-07,752.2,759.8,751.82,758.2,748.226,137533600
2021-01-08,761.18,762.98,754.2,762.52,752.49,143354400
2021-01-11,755.7,761.16,755.44,757.38,747.417,102069400
2021-01-12,757.78,759.72,752.72,757.54,747.575,105095400
2021-01-13,757.38,761.72,755.7,759.58,749.588,90607200
2021-01-14,761.18,762.26,756.2,756.92,746.963,99978200
2021-01-15,753.44,755.16,747.4,751.4,741.516,214320000
2021-01-19,756.68,758.46,753.5,757.3,747.338,102466600
2021-01-20,762.22,769.58,761.38,767.78,757.68,123672200
2021-01-21,768.98,769.9,766.5,768.48,758.371,95680200
2021-01-22,764.5,768.26,763.68,765.76,755.687,105721000
2021-01-25,767.34,769.54,756.92,768.78,758.667,140804000
2021-01-26,770.82,771.7,767.08,767.58,757.483,85330600
2021-01-27,760.44,760.64,744.02,748.82,738.97,246702200
2021-01-28,752.72,763.86,751.78,755.26,745.325,188396200
2021-01-29,751.26,753.34,736.54,740.14,730.404,253530200
2021-02-01,747.44,754.68,740.76,752.46,742.562,151635200
2021-02-02,759.3,766.44,752.64,763.1,753.062,128901400
2021-02-03,764.88,767.4,760.96,763.7,753.654,104854200
2021-02-04,765.92,772.48,763.94,772.38,762.22,94285200
2021-02-05,776.4,776.94,772.28,775.42,765.22,97339600
2021-02-08,778.54,781.12,776.7,781.02,770.746,76730400
2021-02-09,779.22,781.78,778.34,780.5,770.233,71102200
2021-02-10,784.24,784.56,775.0,780.16,769.897,118308800
2021-02-11,782.48,783.38,776.2,781.42,771.141,85826600
2021-02-12,779.7,785.8,779.54,785.28,774.95,101186600
2021-02-16,787.92,788.34,783.06,784.6,774.279,101944800
2021-02-17,780.84,785.32,778.66,784.78,774.457,104581200
2021-02-18,779.18,783.04,775.48,781.44,771.161,119425600
2021-02-19,784.14,784.76,779.1,780.06,769.799,166482000
2021-02-22,774.12,779.24,773.48,774.06,763.878,134828400
2021-02-23,769.32,777.9,760.4,775.0,764.805,214568200
2021-02-24,772.66,784.46,770.54,783.54,773.233,144867800
2021-02-25,780.82,783.76,761.56,764.66,754.601,293341000
2021-02-26,768.7,771.16,756.46,760.72,750.713,305403200
2021-03-01,771.18,781.84,761.14,779.16,768.911,210697600
2021-03-02,779.64,780.14,772.0,773.08,762.911,159190600
2021-03-03,771.58,773.66,762.62,762.84,752.805,239880400
2021-03-04,762.44,768.0,743.76,753.4,743.489,366866000
2021-03-05,760.92,769.52,745.28,767.26,757.167,304079200
2021-03-08,769.32,775.36,762.84,763.44,753.397,246298400
2021-03-09,771.7,779.82,770.62,774.34,764.154,227267200
2021-03-10,779.38,782.8,776.34,779.16,768.911,219798800
2021-03-11,784.46,791.3,783.48,787.06,776.707,172490000
2021-03-12,784.14,788.42,782.4,788.12,777.753,129307200
2021-03-15,788.66,793.38,784.06,792.82,782.391,146854400
2021-03-16,794.14,795.66,790.16,791.82,781.404,147445000
2021-03-17,789.06,796.24,786.6,794.52,784.068,195918600
2021-03-18,788.96,793.44,781.5,782.96,772.661,230698200
2021-03-19,779.76,783.14,774.3,778.96,771.231,227249000
2021-03-22,780.06,788.14,779.94,785.18,777.389,147557200
2021-03-23,783.82,786.92,777.32,779.0,771.271,181373200
2021-03-24,782.0,785.5,774.94,775.04,767.35,195177200
2021-03-25,771.96,781.1,767.8,779.4,771.667,232257200
2021-03-26,781.86,792.82,780.58,791.96,784.102,228818200
2021-03-29,788.8,793.5,785.62,791.56,783.706,216215200
2021-03-30,788.84,790.9,786.04,789.46,781.627,152524400
2021-03-31,790.68,796.0,790.62,792.66,784.795,225468400
2021-04-01,796.8,801.34,796.36,801.22,793.27,199365800
2021-04-05,806.92,813.88,806.76,812.72,804.656,183369600
2021-04-06,811.52,814.48,810.8,812.24,804.181,124042000
2021-04-07,811.88,813.92,810.9,813.18,805.111,111672600
2021-04-08,815.86,817.16,813.86,817.04,808.933,115726200
2021-04-09,816.78,823.34,816.52,822.98,814.814,122209200
2021-04-12,821.7,823.86,820.4,823.28,815.111,113409800
2021-04-13,823.06,827.06,822.24,825.72,817.527,113102000
2021-04-14,825.66,827.92,821.74,822.9,814.735,123319800
2021-04-15,827.48,832.32,827.38,831.74,823.487,120459600
2021-04-16,834.5,835.82,831.46,834.52,826.24,164074600
2021-04-19,832.52,833.48,827.58,830.42,822.18,156997000
2021-04-20,827.82,830.18,821.18,824.34,816.161,163703600
2021-04-21,823.02,832.58,822.72,832.14,823.883,133586000
2021-04-22,831.78,833.56,822.26,824.54,816.359,195165600
2021-04-23,825.74,836.5,825.58,833.48,825.21,146418400
2021-04-26,834.88,836.44,833.62,835.22,826.933,104364800
2021-04-27,835.86,836.28,832.6,835.04,826.754,102606200
2021-04-28,835.62,838.02,833.8,834.8,826.517,102477800
2021-04-29,840.64,841.44,832.88,840.12,831.784,157088600
2021-04-30,835.26,837.08,832.68,834.6,826.319,171054000
2021-05-03,838.86,839.68,835.34,836.4,828.101,136256600
2021-05-04,832.14,833.2,823.34,831.24,822.992,203182400
2021-05-05,834.76,835.26,830.3,831.5,823.25,120324400
2021-05-06,831.66,838.42,827.36,838.14,829.824,148642800
2021-05-07,839.78,845.64,838.32,844.24,835.863,135467600
2021-05-10,845.0,845.48,835.62,835.88,827.586,163704800
2021-05-11,826.2,830.54,820.12,828.42,820.2,233776000
2021-05-12,822.46,825.18,808.0,810.82,802.775,269622000
2021-05-13,814.14,824.7,814.04,820.56,812.418,212788000
2021-05-14,826.42,834.98,826.36,833.16,824.893,164403200
2021-05-17,830.78,832.78,826.72,831.04,822.794,130258400
2021-05-18,831.6,832.12,823.54,823.88,815.705,119620400
2021-05-19,813.84,822.1,810.66,821.72,813.567,212934200
2021-05-20,823.6,833.26,823.34,830.56,822.319,156044400
2021-05-21,833.74,836.4,828.9,829.88,821.646,153157400
2021-05-24,834.68,840.64,834.16,838.34,830.022,102753400
2021-05-25,840.66,841.42,835.24,836.48,828.18,114902800
2021-05-26,837.74,839.22,835.52,838.14,829.824,86177200
2021-05-27,840.34,841.44,837.98,838.58,830.259,113415400
2021-05-28,841.94,842.5,839.58,840.08,831.745,117040400
2021-06-01,845.14,845.44,838.4,839.34,831.012,108433200
2021-06-02,840.74,842.46,838.58,840.66,832.319,98194200
2021-06-03,835.7,839.98,832.56,837.54,829.23,116277600
2021-06-04,841.5,845.84,837.68,845.2,836.814,111877600
2021-06-07,845.18,845.56,842.38,844.38,836.002,103110000
2021-06-08,846.22,846.42,840.64,844.56,836.18,94268600
2021-06-09,846.36,846.52,842.82,843.3,834.932,96872600
2021-06-10,845.92,849.26,843.1,847.22,838.814,102040200
2021-06-11,848.4,848.86,845.64,848.62,840.2,91141600
2021-06-14,848.86,850.74,846.2,850.52,842.081,84717000
2021-06-15,850.84,850.92,847.08,848.96,840.536,103017000
2021-06-16,849.26,849.74,839.84,844.22,835.843,160772200
2021-06-17,843.34,846.04,838.64,843.94,835.566,181899400
2021-06-18,834.18,835.66,829.4,829.84,824.294,237352600
2021-06-21,833.6,842.12,831.86,841.72,836.095,145644000
2021-06-22,841.7,848.0,840.16,846.22,840.565,115400600
2021-06-23,846.38,848.1,845.02,845.2,839.551,98890800
2021-06-24,849.78,851.1,849.24,850.2,844.518,90220600
2021-06-25,851.8,854.18,851.1,853.22,847.518,116259000
2021-06-28,854.34,855.3,851.78,854.94,849.226,106319200
2021-06-29,855.76,857.12,854.26,855.4,849.683,71941000
2021-06-30,854.42,857.56,854.36,856.12,850.398,129655800
2021-07-01,857.74,861.2,857.6,860.86,855.107,106882000
2021-07-02,863.34,868.2,861.04,867.44,861.643,115395400
2021-07-06,867.56,868.02,860.02,865.86,860.073,137420800
2021-07-07,867.32,869.52,863.02,868.92,863.113,127099000
2021-07-08,857.56,863.46,855.04,861.84,856.08,195190400
2021-07-09,865.06,871.68,861.42,871.04,865.219,152477200
2021-07-12,870.86,874.7,869.94,874.16,868.318,105779200
2021-07-13,872.48,875.68,870.62,871.18,865.358,105822600
2021-07-14,874.8,875.84,869.82,872.48,866.649,128260800
2021-07-15,869.62,871.06,865.44,869.5,863.689,110252800
2021-07-16,872.02,872.12,861.84,862.68,856.914,151749400
2021-07-19,852.38,862.82,843.94,849.94,844.26,295974000
2021-07-20,851.36,864.84,849.66,862.12,856.358,199216400
2021-07-21,864.68,869.4,862.02,869.1,863.292,129448800
2021-07-22,869.48,871.44,867.38,870.92,865.099,95757000
2021-07-23,875.04,880.6,873.58,879.88,874.0,127533200
2021-07-26,878.62,882.06,878.52,882.04,876.145,87438400
2021-07-27,879.82,879.88,871.98,878.02,872.152,134794200
2021-07-28,879.36,880.6,874.62,877.66,871.794,104944800
2021-07-29,879.64,883.6,879.62,881.3,875.41,94870600
2021-07-30,875.82,880.12,875.54,877.02,871.159,137781200
2021-08-02,880.68,881.86,874.42,875.18,869.331,117566600
2021-08-03,876.88,882.56,872.2,882.3,876.403,116107800
2021-08-04,879.56,882.24,877.46,877.96,872.092,93464400
2021-08-05,880.44,883.7,879.76,883.52,877.615,77939400
2021-08-06,884.2,885.88,883.6,884.98,879.065,93728200
2021-08-09,884.92,885.6,882.62,884.26,878.35,82445200
2021-08-10,885.22,886.88,883.76,885.36,879.443,86678600
2021-08-11,887.64,887.76,885.24,887.56,881.628,88068600
2021-08-12,887.24,890.52,885.32,890.22,884.271,77818800
2021-08-13,891.18,891.88,890.14,891.84,885.88,78776600
2021-08-16,889.06,894.22,885.74,893.94,887.966,147480000
2021-08-17,888.48,889.92,881.7,888.08,882.145,185347800
2021-08-18,885.92,889.26,877.84,878.36,872.49,178703800
2021-08-19,872.54,882.28,872.24,879.72,873.841,185624400
2021-08-20,880.46,887.42,879.42,886.72,880.794,143951800
2021-08-23,890.32,896.46,886.88,894.52,888.542,109946000
2021-08-24,895.94,897.08,894.84,895.94,889.952,77489400
2021-08-25,896.34,898.92,895.54,897.82,891.82,81059400
2021-08-26,897.22,897.72,892.32,892.52,886.555,115659200
2021-08-27,894.24,901.3,894.12,900.5,894.482,154403800
2021-08-30,901.94,906.14,901.42,904.46,898.415,96714800
2021-08-31,904.26,904.98,901.84,903.12,897.084,118600400
2021-09-01,905.12,906.22,903.1,903.6,897.561,97442800
2021-09-02,906.64,908.1,903.82,906.38,900.323,85002000
2021-09-03,903.96,907.26,903.1,906.16,900.104,94341000
2021-09-07,905.42,905.62,901.48,902.92,896.886,103343000
2021-09-08,901.78,903.34,897.72,901.82,895.793,112363800
2021-09-09,901.4,905.14,897.44,897.96,891.959,115940800
2021-09-10,902.08,902.98,890.62,890.88,884.926,179696000
2021-09-13,897.28,897.84,888.22,893.16,887.191,167477200
2021-09-14,896.24,896.68,886.44,888.34,882.403,156394200
2021-09-15,889.24,896.82,886.88,895.76,889.773,157584400
2021-09-16,894.64,896.72,888.04,894.34,888.363,155573400
2021-09-17,889.84,890.74,882.04,882.8,879.709,236850000
2021-09-20,869.76,873.12,857.72,868.08,865.041,332891000
2021-09-21,873.06,875.82,866.14,867.26,864.224,185052200
2021-09-22,872.1,880.06,867.5,875.72,872.654,204700200
2021-09-23,879.7,889.78,879.2,886.36,883.257,152792000
2021-09-24,882.88,889.34,882.42,887.82,884.712,124189600
2021-09-27,885.62,888.1,883.8,885.28,882.181,122742200
2021-09-28,879.38,880.08,865.88,867.44,864.403,260872600
2021-09-29,870.38,874.08,867.7,868.9,865.858,164658400
2021-09-30,872.04,873.54,857.56,858.28,855.275,280362400
2021-10-01,861.96,872.06,854.46,868.48,865.44,258480200
2021-10-04,866.0,867.92,852.72,857.28,854.279,257140000
2021-10-05,860.48,870.98,858.78,866.2,863.167,181365000
2021-10-06,858.54,870.24,855.08,869.8,866.755,226064400
2021-10-07,876.78,883.36,876.4,877.32,874.249,144875000
2021-10-08,878.96,879.78,874.38,875.72,872.654,148985800
2021-10-11,874.32,880.52,869.24,869.38,866.336,130466600
2021-10-12,871.34,872.2,865.56,867.24,864.204,142362400
2021-10-13,869.42,872.1,863.08,870.36,867.313,145948000
2021-10-14,878.16,885.32,877.16,885.0,881.902,140473600
2021-10-15,889.5,892.52,888.18,891.74,888.618,132453600
2021-10-18,887.94,895.1,886.54,894.38,891.249,124426400
2021-10-19,897.84,901.42,896.54,901.28,898.125,93993600
2021-10-20,902.26,905.46,902.02,904.82,901.652,99143200
2021-10-21,903.54,907.66,902.62,907.18,904.004,82610800
2021-10-22,906.26,909.34,902.1,906.24,903.067,117690200
2021-10-25,908.56,911.8,904.78,911.1,907.91,90429000
2021-10-26,914.4,916.98,911.12,911.92,908.727,112150200
2021-10-27,912.9,914.32,907.72,907.88,904.702,144876000
2021-10-28,910.92,916.8,910.9,916.64,913.431,102875800
2021-10-29,911.74,919.12,911.12,918.5,915.284,140216400
2021-11-01,920.6,921.4,916.4,920.08,916.859,96867200
2021-11-02,920.44,924.46,920.16,923.8,920.566,97816800
2021-11-03,922.6,930.3,921.66,929.44,926.186,105019600
2021-11-04,930.72,934.0,929.98,933.82,930.551,105694200
2021-11-05,938.56,941.3,933.84,937.06,933.779,132664400
2021-11-08,939.4,940.46,936.4,937.86,934.577,100810400
2021-11-09,938.64,939.14,931.76,934.76,931.487,102298200
2021-11-10,931.16,934.76,924.08,927.24,923.994,138859400
2021-11-11,930.42,930.58,927.5,927.54,924.293,69697000
2021-11-12,930.24,935.72,928.22,934.54,931.268,106846600
2021-11-15,937.28,937.62,932.46,934.86,931.587,93961000
2021-11-16,934.3,940.98,934.14,938.56,935.274,97715000
2021-11-17,938.0,938.38,934.96,936.28,933.002,95716600
2021-11-18,938.48,940.02,932.68,939.46,936.171,101251200
2021-11-19,939.22,941.88,937.0,937.78,934.497,114631200
2021-11-22,941.78,947.08,934.7,935.14,931.866,145524000
2021-11-23,934.44,938.2,928.9,936.38,933.102,146413000
2021-11-24,932.12,939.14,930.38,938.88,935.593,123717600
2021-11-26,924.68,927.8,915.54,917.94,914.726,225339200
2021-11-29,928.14,933.12,923.46,929.2,925.947,172537600
2021-11-30,924.0,928.06,910.6,911.12,907.93,297119200
2021-12-01,923.28,929.34,900.58,901.0,897.846,263878400
2021-12-02,901.46,918.14,900.62,914.8,911.597,255275600
2021-12-03,918.34,920.6,897.84,906.84,903.665,274335400
2021-12-06,912.26,921.58,907.12,917.58,914.368,197955000
2021-12-07,928.82,937.76,917.3,936.56,933.281,190969400
2021-12-08,937.4,940.0,933.66,939.04,935.752,144477600
2021-12-09,936.3,939.26,932.28,932.7,929.435,122545200
2021-12-10,938.46,941.8,933.02,941.48,938.184,153898800
2021-12-13,940.38,941.12,932.54,933.14,929.873,175449400
2021-12-14,926.18,931.48,920.5,926.72,923.476,194528200
2021-12-15,926.84,941.72,921.48,941.2,937.905,233798600
2021-12-16,945.14,945.74,929.6,932.9,929.634,233137200
2021-12-17,923.1,929.48,916.12,919.74,919.74,271023200
2021-12-20,908.96,910.8,902.28,909.96,909.96,214269600
2021-12-21,917.22,926.42,912.62,926.12,926.12,139612600
2021-12-22,925.58,935.62,925.16,935.38,935.38,117780400
2021-12-23,937.5,944.38,937.28,941.2,941.2,112879400
2021-12-27,944.12,954.62,944.02,954.52,954.52,113617200
2021-12-28,955.44,957.62,952.12,953.74,953.74,94549200
2021-12-29,953.96,957.12,951.84,954.96,954.96,109006000
2021-12-30,955.86,958.0,951.34,952.32,952.32,110658000
