Symbol,Date,Adjusted_price
MMM,2017-12-29,198.84085
MMM,2019-12-31,158.14842
MMM,2021-12-31,170.40469
MMM,2022-06-30,126.61288
MMM,2022-09-30,109.2211
MMM,2022-11-30,125.97
MMM,2022-12-30,119.92
AOS,2017-12-29,56.09538
AOS,2019-12-31,45.04146
AOS,2021-12-31,84.2685
AOS,2022-06-30,54.1125
AOS,2022-09-30,48.29919
AOS,2022-11-30,60.74
AOS,2022-12-30,57.24
ABT,2017-12-29,52.56474
ABT,2019-12-31,82.82043
ABT,2021-12-31,138.4173
ABT,2022-06-30,107.66122
ABT,2022-09-30,96.3056
ABT,2022-11-30,107.58
ABT,2022-12-30,109.79
ABBV,2017-12-29,76.6721
ABBV,2019-12-31,77.05365
ABBV,2021-12-31,130.32254
ABBV,2022-06-30,150.21217
ABBV,2022-09-30,132.85812
ABBV,2022-11-30,161.17999
ABBV,2022-12-30,161.61
ACN,2017-12-29,142.42929
ACN,2019-12-31,201.95755
ACN,2021-12-31,408.97064
ACN,2022-06-30,275.44101
ACN,2022-09-30,256.16086
ACN,2022-11-30,300.92999
ACN,2022-12-30,266.84
ATVI,2017-12-29,61.42066
ATVI,2019-12-31,58.40017
ATVI,2021-12-31,66.13688
ATVI,2022-06-30,77.86
ATVI,2022-09-30,74.34
ATVI,2022-11-30,73.95
ATVI,2022-12-30,76.55
ADM,2017-12-29,34.84541
ADM,2019-12-31,42.9577
ADM,2021-12-31,66.33099
ADM,2022-06-30,76.91191
ADM,2022-09-30,80.10867
ADM,2022-11-30,97.5
ADM,2022-12-30,92.85
ADBE,2017-12-29,175.24001
ADBE,2019-12-31,329.81
ADBE,2021-12-31,567.06
ADBE,2022-06-30,366.06
ADBE,2022-09-30,275.20001
ADBE,2022-11-30,344.92999
ADBE,2022-12-30,336.53
ADP,2017-12-29,105.7196
ADP,2019-12-31,160.29727
ADP,2021-12-31,241.97403
ADP,2022-06-30,208.12781
ADP,2022-09-30,225.09929
ADP,2022-11-30,262.8663
ADP,2022-12-30,238.86
AAP,2017-12-29,93.71779
AAP,2019-12-31,151.05016
AAP,2021-12-31,231.54367
AAP,2022-06-30,169.76926
AAP,2022-09-30,154.70532
AAP,2022-11-30,149.41127
AAP,2022-12-30,147.03
AES,2017-12-29,9.24102
AES,2019-12-31,18.26311
AES,2021-12-31,23.63421
AES,2022-06-30,20.73644
AES,2022-09-30,22.46505
AES,2022-11-30,28.92
AES,2022-12-30,28.76
AFL,2017-12-29,38.88216
AFL,2019-12-31,48.95435
AFL,2021-12-31,56.90955
AFL,2022-06-30,54.6542
AFL,2022-09-30,55.87283
AFL,2022-11-30,71.93
AFL,2022-12-30,71.94
A,2017-12-29,64.48848
A,2019-12-31,83.61806
A,2021-12-31,158.39783
A,2022-06-30,118.17892
A,2022-09-30,121.15931
A,2022-11-30,154.74921
A,2022-12-30,149.64999
APD,2017-12-29,145.92444
APD,2019-12-31,219.48271
APD,2021-12-31,296.64832
APD,2022-06-30,237.55676
APD,2022-09-30,231.51929
APD,2022-11-30,308.54651
APD,2022-12-30,308.26001
AKAM,2017-12-29,65.04
AKAM,2019-12-31,86.38
AKAM,2021-12-31,117.04
AKAM,2022-06-30,91.33
AKAM,2022-09-30,80.32
AKAM,2022-11-30,94.86
AKAM,2022-12-30,84.3
ALK,2017-12-29,70.10929
ALK,2019-12-31,67.36795
ALK,2021-12-31,52.1
ALK,2022-06-30,40.05
ALK,2022-09-30,39.15
ALK,2022-11-30,47.44
ALK,2022-12-30,42.94
ALB,2017-12-29,119.7606
ALB,2019-12-31,70.78448
ALB,2021-12-31,232.25348
ALB,2022-06-30,208.37854
ALB,2022-09-30,264.01859
ALB,2022-11-30,277.54697
ALB,2022-12-30,216.86
ARE,2017-12-29,113.65447
ARE,2019-12-31,149.01682
ARE,2021-12-31,216.20779
ARE,2022-06-30,142.60506
ARE,2022-09-30,139.00749
ARE,2022-11-30,154.29742
ARE,2022-12-30,145.67
ALGN,2017-12-29,222.19
ALGN,2019-12-31,279.04001
ALGN,2021-12-31,657.17999
ALGN,2022-06-30,236.67
ALGN,2022-09-30,207.11
ALGN,2022-11-30,196.66
ALGN,2022-12-30,210.89999
ALLE,2017-12-29,75.26707
ALLE,2019-12-31,120.23551
ALLE,2021-12-31,130.85445
ALLE,2022-06-30,97.47815
ALLE,2022-09-30,89.68
ALLE,2022-11-30,113.65
ALLE,2022-12-30,105.26
LNT,2017-12-29,36.70453
LNT,2019-12-31,50.13403
LNT,2021-12-31,59.64643
LNT,2022-06-30,57.69349
LNT,2022-09-30,52.54443
LNT,2022-11-30,56.3
LNT,2022-12-30,55.21
ALL,2017-12-29,93.43452
ALL,2019-12-31,104.38807
ALL,2021-12-31,114.55158
ALL,2022-06-30,125.05584
ALL,2022-09-30,123.73245
ALL,2022-11-30,133.89999
ALL,2022-12-30,135.60001
GOOGL,2017-12-29,52.67
GOOGL,2019-12-31,66.9695
GOOGL,2021-12-31,144.85201
GOOGL,2022-06-30,108.963
GOOGL,2022-09-30,95.65
GOOGL,2022-11-30,100.99
GOOGL,2022-12-30,88.23
GOOG,2017-12-29,52.32
GOOG,2019-12-31,66.851
GOOG,2021-12-31,144.6795
GOOG,2022-06-30,109.3725
GOOG,2022-09-30,96.15
GOOG,2022-11-30,101.45
GOOG,2022-12-30,88.73
MO,2017-12-29,49.97571
MO,2019-12-31,39.27674
MO,2021-12-31,43.79501
MO,2022-06-30,40.02927
MO,2022-09-30,39.56266
MO,2022-11-30,45.63717
MO,2022-12-30,45.71
AMZN,2017-12-29,58.4735
AMZN,2019-12-31,92.392
AMZN,2021-12-31,166.717
AMZN,2022-06-30,106.21
AMZN,2022-09-30,113.0
AMZN,2022-11-30,96.54
AMZN,2022-12-30,84.0
AMCR,2017-12-29,9.47524
AMCR,2019-12-31,9.58313
AMCR,2021-12-31,11.54047
AMCR,2022-06-30,12.1779
AMCR,2022-09-30,10.61993
AMCR,2022-11-30,12.35
AMCR,2022-12-30,11.91
AMD,2017-12-29,10.28
AMD,2019-12-31,45.86
AMD,2021-12-31,143.89999
AMD,2022-06-30,76.47
AMD,2022-09-30,63.36
AMD,2022-11-30,77.63
AMD,2022-12-30,64.77
AEE,2017-12-29,51.57749
AEE,2019-12-31,71.03313
AEE,2021-12-31,86.71541
AEE,2022-06-30,89.17917
AEE,2022-09-30,80.00531
AEE,2022-11-30,88.716
AEE,2022-12-30,88.92
AAL,2017-12-29,50.71188
AAL,2019-12-31,28.5744
AAL,2021-12-31,17.96
AAL,2022-06-30,12.68
AAL,2022-09-30,12.04
AAL,2022-11-30,14.43
AAL,2022-12-30,12.72
AEP,2017-12-29,62.09913
AEP,2019-12-31,85.41554
AEP,2021-12-31,86.02074
AEP,2022-06-30,94.30701
AEP,2022-09-30,85.64604
AEP,2022-11-30,96.8
AEP,2022-12-30,94.95
AXP,2017-12-29,92.48639
AXP,2019-12-31,119.34921
AXP,2021-12-31,161.50526
AXP,2022-06-30,138.09285
AXP,2022-09-30,134.39696
AXP,2022-11-30,157.59
AXP,2022-12-30,147.75
AIG,2017-12-29,51.76111
AIG,2019-12-31,46.95342
AIG,2021-12-31,55.58828
AIG,2022-06-30,50.57222
AIG,2022-09-30,47.24096
AIG,2022-11-30,62.79227
AIG,2022-12-30,63.24
AMT,2017-12-29,128.61935
AMT,2019-12-31,215.52316
AMT,2021-12-31,285.01935
AMT,2022-06-30,251.87663
AMT,2022-09-30,211.5807
AMT,2022-11-30,219.62538
AMT,2022-12-30,211.86
AWK,2017-12-29,83.95393
AWK,2019-12-31,117.20776
AWK,2021-12-31,185.63382
AWK,2022-06-30,147.44603
AWK,2022-09-30,129.54684
AWK,2022-11-30,151.75999
AWK,2022-12-30,152.42
AMP,2017-12-29,151.34406
AMP,2019-12-31,156.76352
AMP,2021-12-31,296.61224
AMP,2022-06-30,235.62119
AMP,2022-09-30,250.9272
AMP,2022-11-30,331.95001
AMP,2022-12-30,311.37
ABC,2017-12-29,84.62572
ABC,2019-12-31,81.25384
ABC,2021-12-31,131.24275
ABC,2022-06-30,140.60849
ABC,2022-09-30,134.91508
ABC,2022-11-30,170.69
ABC,2022-12-30,165.71001
AME,2017-12-29,70.02758
AME,2019-12-31,97.71077
AME,2021-12-31,146.04301
AME,2022-06-30,109.52952
AME,2022-09-30,113.2344
AME,2022-11-30,142.19948
AME,2022-12-30,139.72
AMGN,2017-12-29,150.01447
AMGN,2019-12-31,220.57927
AMGN,2021-12-31,218.08174
AMGN,2022-06-30,239.78392
AMGN,2022-09-30,223.85811
AMGN,2022-11-30,286.39999
AMGN,2022-12-30,262.64001
APH,2017-12-29,41.7588
APH,2019-12-31,52.49127
APH,2021-12-31,86.47936
APH,2022-06-30,64.02935
APH,2022-09-30,66.77893
APH,2022-11-30,80.21251
APH,2022-12-30,76.14
ADI,2017-12-29,80.86841
ADI,2019-12-31,112.40164
ADI,2021-12-31,172.50391
ADI,2022-06-30,144.74586
ADI,2022-09-30,138.72244
ADI,2022-11-30,171.1481
ADI,2022-12-30,164.03
ANSS,2017-12-29,147.59
ANSS,2019-12-31,257.41
ANSS,2021-12-31,401.12
ANSS,2022-06-30,239.28999
ANSS,2022-09-30,221.7
ANSS,2022-11-30,254.3
ANSS,2022-12-30,241.59
AON,2017-12-29,127.77056
AON,2019-12-31,203.23471
AON,2021-12-31,298.31277
AON,2022-06-30,268.64294
AON,2022-09-30,267.35129
AON,2022-11-30,308.28
AON,2022-12-30,300.14001
APA,2017-12-29,38.29988
APA,2019-12-31,24.63687
APA,2021-12-31,26.4565
APA,2022-06-30,34.56792
APA,2022-09-30,33.98605
APA,2022-11-30,46.85
APA,2022-12-30,46.68
AAPL,2017-12-29,40.23018
AAPL,2019-12-31,71.92056
AAPL,2021-12-31,176.54536
AAPL,2022-06-30,136.30424
AAPL,2022-09-30,137.97112
AAPL,2022-11-30,148.03
AAPL,2022-12-30,129.92999
AMAT,2017-12-29,47.95717
AMAT,2019-12-31,59.25298
AMAT,2021-12-31,155.91431
AMAT,2022-06-30,90.5275
AMAT,2022-09-30,81.731
AMAT,2022-11-30,109.6
AMAT,2022-12-30,97.38
APTV,2017-12-29,83.33454
APTV,2019-12-31,94.72907
APTV,2021-12-31,164.95
APTV,2022-06-30,89.07
APTV,2022-09-30,78.21
APTV,2022-11-30,106.67
APTV,2022-12-30,93.13
ACGL,2017-12-29,30.25667
ACGL,2019-12-31,42.89
ACGL,2021-12-31,44.45
ACGL,2022-06-30,45.49
ACGL,2022-09-30,45.54
ACGL,2022-11-30,59.91
ACGL,2022-12-30,62.78
ANET,2017-12-29,58.895
ANET,2019-12-31,50.85
ANET,2021-12-31,143.75
ANET,2022-06-30,93.74
ANET,2022-09-30,112.89
ANET,2022-11-30,139.3
ANET,2022-12-30,121.35
AJG,2017-12-29,58.12317
AJG,2019-12-31,91.29386
AJG,2021-12-31,167.6835
AJG,2022-06-30,162.16562
AJG,2022-09-30,170.78143
AJG,2022-11-30,198.60001
AJG,2022-12-30,188.53999
AIZ,2017-12-29,91.1168
AIZ,2019-12-31,123.94861
AIZ,2021-12-31,153.14279
AIZ,2022-06-30,171.19244
AIZ,2022-09-30,144.46956
AIZ,2022-11-30,128.22
AIZ,2022-12-30,125.06
T,2017-12-29,19.44164
T,2019-12-31,22.86959
T,2021-12-31,17.2915
T,2022-06-30,20.32352
T,2022-09-30,15.0723
T,2022-11-30,19.28
T,2022-12-30,18.41
ATO,2017-12-29,76.42493
ATO,2019-12-31,103.89061
ATO,2021-12-31,102.22509
ATO,2022-06-30,110.7589
ATO,2022-09-30,101.2144
ATO,2022-11-30,120.2
ATO,2022-12-30,112.07
ADSK,2017-12-29,104.83
ADSK,2019-12-31,183.46001
ADSK,2021-12-31,281.19
ADSK,2022-06-30,171.96001
ADSK,2022-09-30,186.8
ADSK,2022-11-30,201.95
ADSK,2022-12-30,186.87
AZO,2017-12-29,711.37
AZO,2019-12-31,1191.31006
AZO,2021-12-31,2096.38989
AZO,2022-06-30,2149.12012
AZO,2022-09-30,2141.92993
AZO,2022-11-30,2579.0
AZO,2022-12-30,2466.17993
AVB,2017-12-29,150.84732
AVB,2019-12-31,189.0692
AVB,2021-12-31,244.44847
AVB,2022-06-30,190.69206
AVB,2022-09-30,182.37189
AVB,2022-11-30,173.17357
AVB,2022-12-30,161.52
AVY,2017-12-29,105.27756
AVY,2019-12-31,124.67655
AVY,2021-12-31,213.0952
AVY,2022-06-30,160.5836
AVY,2022-09-30,162.06233
AVY,2022-11-30,192.57228
AVY,2022-12-30,181.0
BKR,2017-12-29,27.1215
BKR,2019-12-31,23.21223
BKR,2021-12-31,23.44335
BKR,2022-06-30,28.46157
BKR,2022-09-30,20.81923
BKR,2022-11-30,29.02
BKR,2022-12-30,29.53
BALL,2017-12-29,36.16754
BALL,2019-12-31,62.91524
BALL,2021-12-31,95.11157
BALL,2022-06-30,68.27756
BALL,2022-09-30,48.14346
BALL,2022-11-30,56.08
BALL,2022-12-30,51.14
BAC,2017-12-29,26.46447
BAC,2019-12-31,32.88653
BAC,2021-12-31,43.47766
BAC,2022-06-30,30.74648
BAC,2022-09-30,30.02447
BAC,2022-11-30,37.63
BAC,2022-12-30,33.12
BBWI,2017-12-29,41.21155
BBWI,2019-12-31,14.08719
BBWI,2021-12-31,68.40474
BBWI,2022-06-30,26.6157
BBWI,2022-09-30,32.39189
BBWI,2022-11-30,42.5
BBWI,2022-12-30,42.14
BAX,2017-12-29,60.6586
BAX,2019-12-31,80.13338
BAX,2021-12-31,84.36135
BAX,2022-06-30,63.578
BAX,2022-09-30,53.5837
BAX,2022-11-30,56.24
BAX,2022-12-30,50.97
BDX,2017-12-29,195.52251
BDX,2019-12-31,254.73901
BDX,2021-12-31,242.00089
BDX,2022-06-30,244.79466
BDX,2022-09-30,222.00732
BDX,2022-11-30,248.41943
BDX,2022-12-30,254.3
WRB,2017-12-29,28.82155
WRB,2019-12-31,43.91537
WRB,2021-12-31,54.18771
WRB,2022-06-30,68.05948
WRB,2022-09-30,64.49036
WRB,2022-11-30,76.17413
WRB,2022-12-30,72.57
BRK.B,2017-12-29,198.22
BRK.B,2019-12-31,226.5
BRK.B,2021-12-31,299.0
BRK.B,2022-06-30,273.01999
BRK.B,2022-09-30,267.01999
BRK.B,2022-11-30,318.60001
BRK.B,2022-12-30,308.89999
BBY,2017-12-29,58.93731
BBY,2019-12-31,79.75408
BBY,2021-12-31,97.21661
BBY,2022-06-30,63.70742
BBY,2022-09-30,62.65868
BBY,2022-11-30,84.38246
BBY,2022-12-30,80.21
BIO,2017-12-29,238.67
BIO,2019-12-31,370.03
BIO,2021-12-31,755.57001
BIO,2022-06-30,495.0
BIO,2022-09-30,417.14001
BIO,2022-11-30,414.70999
BIO,2022-12-30,420.48999
TECH,2017-12-29,31.55454
TECH,2019-12-31,54.24675
TECH,2021-12-31,128.87666
TECH,2022-06-30,86.49744
TECH,2022-09-30,70.92743
TECH,2022-11-30,84.99
TECH,2022-12-30,82.88
BIIB,2017-12-29,318.57001
BIIB,2019-12-31,296.73001
BIIB,2021-12-31,239.92
BIIB,2022-06-30,203.94
BIIB,2022-09-30,267.0
BIIB,2022-11-30,305.17001
BIIB,2022-12-30,276.92001
BLK,2017-12-29,452.08243
BLK,2019-12-31,467.37015
BLK,2021-12-31,890.20465
BLK,2022-06-30,600.38458
BLK,2022-09-30,546.51245
BLK,2022-11-30,711.09784
BLK,2022-12-30,708.63
BK,2017-12-29,47.08387
BK,2019-12-31,45.98869
BK,2021-12-31,56.29518
BK,2022-06-30,40.98724
BK,2022-09-30,38.17739
BK,2022-11-30,45.9
BK,2022-12-30,45.52
BA,2017-12-29,281.04718
BA,2019-12-31,323.83331
BA,2021-12-31,201.32001
BA,2022-06-30,136.72
BA,2022-09-30,121.08
BA,2022-11-30,178.88
BA,2022-12-30,190.49001
BKNG,2017-12-29,1737.73999
BKNG,2019-12-31,2053.72998
BKNG,2021-12-31,2399.22998
BKNG,2022-06-30,1748.98999
BKNG,2022-09-30,1643.20996
BKNG,2022-11-30,2079.44995
BKNG,2022-12-30,2015.28003
BWA,2017-12-29,46.97538
BWA,2019-12-31,41.22284
BWA,2021-12-31,44.31714
BWA,2022-06-30,33.08703
BWA,2022-09-30,31.27269
BWA,2022-11-30,42.51
BWA,2022-12-30,40.25
BXP,2017-12-29,108.19257
BXP,2019-12-31,121.60422
BXP,2021-12-31,110.00404
BXP,2022-06-30,86.54251
BXP,2022-09-30,73.86251
BXP,2022-11-30,71.01521
BXP,2022-12-30,67.58
BSX,2017-12-29,24.79
BSX,2019-12-31,45.22
BSX,2021-12-31,42.48
BSX,2022-06-30,37.27
BSX,2022-09-30,38.73
BSX,2022-11-30,45.27
BSX,2022-12-30,46.27
BMY,2017-12-29,52.61242
BMY,2019-12-31,58.53941
BMY,2021-12-31,60.47184
BMY,2022-06-30,76.41805
BMY,2022-09-30,70.55272
BMY,2022-11-30,80.28
BMY,2022-12-30,71.95
AVGO,2017-12-29,212.64018
AVGO,2019-12-31,284.35495
AVGO,2021-12-31,644.67627
AVGO,2022-06-30,477.78375
AVGO,2022-09-30,440.33594
AVGO,2022-11-30,546.4704
AVGO,2022-12-30,559.13
BR,2017-12-29,83.30431
BR,2019-12-31,117.33369
BR,2021-12-31,179.46892
BR,2022-06-30,141.22794
BR,2022-09-30,143.5994
BR,2022-11-30,148.36548
BR,2022-12-30,134.13
BRO,2017-12-29,24.64563
BRO,2019-12-31,38.61515
BRO,2021-12-31,69.80374
BRO,2022-06-30,58.13401
BRO,2022-09-30,60.36169
BRO,2022-11-30,59.59
BRO,2022-12-30,56.97
BF.B,2017-12-29,50.32949
BF.B,2019-12-31,64.64837
BF.B,2021-12-31,72.06368
BF.B,2022-06-30,69.77972
BF.B,2022-09-30,66.38219
BF.B,2022-11-30,72.814
BF.B,2022-12-30,65.68
CHRW,2017-12-29,79.18839
CHRW,2019-12-31,72.7199
CHRW,2021-12-31,105.35606
CHRW,2022-06-30,100.26756
CHRW,2022-09-30,95.7238
CHRW,2022-11-30,99.61
CHRW,2022-12-30,91.56
CDNS,2017-12-29,41.82
CDNS,2019-12-31,69.36
CDNS,2021-12-31,186.35001
CDNS,2022-06-30,150.03
CDNS,2022-09-30,163.42999
CDNS,2022-11-30,172.03999
CDNS,2022-12-30,160.64
CZR,2017-12-29,33.15
CZR,2019-12-31,59.64
CZR,2021-12-31,93.53
CZR,2022-06-30,38.3
CZR,2022-09-30,32.26
CZR,2022-11-30,50.81
CZR,2022-12-30,41.6
CPT,2017-12-29,78.88607
CPT,2019-12-31,97.02215
CPT,2021-12-31,173.67291
CPT,2022-06-30,132.3557
CPT,2022-09-30,118.48851
CPT,2022-11-30,119.36143
CPT,2022-12-30,111.88
CPB,2017-12-29,40.92802
CPB,2019-12-31,45.02137
CPB,2021-12-31,42.08597
CPB,2022-06-30,47.31445
CPB,2022-09-30,46.75724
CPB,2022-11-30,53.67
CPB,2022-12-30,56.75
COF,2017-12-29,91.33275
COF,2019-12-31,97.78008
COF,2021-12-31,142.12512
COF,2022-06-30,102.99253
COF,2022-09-30,91.62499
COF,2022-11-30,103.24
COF,2022-12-30,92.96
CAH,2017-12-29,51.0506
CAH,2019-12-31,45.49524
CAH,2021-12-31,49.88918
CAH,2022-06-30,51.55642
CAH,2022-09-30,66.25446
CAH,2022-11-30,79.65836
CAH,2022-12-30,76.87
KMX,2017-12-29,64.13
KMX,2019-12-31,87.67
KMX,2021-12-31,130.23
KMX,2022-06-30,90.48
KMX,2022-09-30,66.02
KMX,2022-11-30,69.36
KMX,2022-12-30,60.89
CCL,2017-12-29,61.09064
CCL,2019-12-31,50.2436
CCL,2021-12-31,20.12
CCL,2022-06-30,8.65
CCL,2022-09-30,7.03
CCL,2022-11-30,9.93
CCL,2022-12-30,8.06
CARR,2021-12-31,53.34944
CARR,2022-06-30,35.35715
CARR,2022-09-30,35.25801
CARR,2022-11-30,44.12181
CARR,2022-12-30,41.25
CTLT,2017-12-29,41.08
CTLT,2019-12-31,56.3
CTLT,2021-12-31,128.03
CTLT,2022-06-30,107.29
CTLT,2022-09-30,72.36
CTLT,2022-11-30,50.13
CTLT,2022-12-30,45.01
CAT,2017-12-29,139.25056
CAT,2019-12-31,137.20256
CAT,2021-12-31,201.99188
CAT,2022-06-30,176.3436
CAT,2022-09-30,162.9894
CAT,2022-11-30,236.41
CAT,2022-12-30,239.56
CBOE,2017-12-29,123.20889
CBOE,2019-12-31,120.0
CBOE,2021-12-31,130.39999
CBOE,2022-06-30,113.19
CBOE,2022-09-30,117.37
CBOE,2022-11-30,126.84
CBOE,2022-12-30,125.47
CBRE,2017-12-29,43.31
CBRE,2019-12-31,61.29
CBRE,2021-12-31,108.51
CBRE,2022-06-30,73.61
CBRE,2022-09-30,67.51
CBRE,2022-11-30,79.6
CBRE,2022-12-30,76.96
CDW,2017-12-29,65.65003
CDW,2019-12-31,138.03326
CDW,2021-12-31,202.35556
CDW,2022-06-30,156.64203
CDW,2022-09-30,155.59148
CDW,2022-11-30,188.64
CDW,2022-12-30,178.58
CE,2017-12-29,96.12704
CE,2019-12-31,115.20317
CE,2021-12-31,164.30388
CE,2022-06-30,116.06178
CE,2022-09-30,89.68017
CE,2022-11-30,107.3
CE,2022-12-30,102.24
CNC,2017-12-29,50.44
CNC,2019-12-31,62.87
CNC,2021-12-31,82.4
CNC,2022-06-30,84.61
CNC,2022-09-30,77.81
CNC,2022-11-30,87.05
CNC,2022-12-30,82.01
CNP,2017-12-29,24.05708
CNP,2019-12-31,25.10309
CNP,2021-12-31,27.26252
CNP,2022-06-30,29.23604
CNP,2022-09-30,28.00587
CNP,2022-11-30,31.11
CNP,2022-12-30,29.99
CDAY,2019-12-31,67.88
CDAY,2021-12-31,104.46
CDAY,2022-06-30,47.08
CDAY,2022-09-30,55.88
CDAY,2022-11-30,68.44
CDAY,2022-12-30,64.15
CF,2017-12-29,37.28321
CF,2019-12-31,44.18571
CF,2021-12-31,69.67091
CF,2022-06-30,85.06281
CF,2022-09-30,95.87556
CF,2022-11-30,108.19
CF,2022-12-30,85.2
CRL,2017-12-29,109.45
CRL,2019-12-31,152.75999
CRL,2021-12-31,376.78
CRL,2022-06-30,213.97
CRL,2022-09-30,196.8
CRL,2022-11-30,228.57001
CRL,2022-12-30,217.89999
SCHW,2017-12-29,48.14962
SCHW,2019-12-31,45.70576
SCHW,2021-12-31,83.17071
SCHW,2022-06-30,62.80726
SCHW,2022-09-30,71.67144
SCHW,2022-11-30,82.54
SCHW,2022-12-30,83.26
CHTR,2017-12-29,335.95999
CHTR,2019-12-31,485.07999
CHTR,2021-12-31,651.96997
CHTR,2022-06-30,468.53
CHTR,2022-09-30,303.35001
CHTR,2022-11-30,391.29001
CHTR,2022-12-30,339.10001
CVX,2017-12-29,100.54067
CVX,2019-12-31,104.59994
CVX,2021-12-31,113.26981
CVX,2022-06-30,142.375
CVX,2022-09-30,142.56718
CVX,2022-11-30,183.31
CVX,2022-12-30,179.49001
CMG,2017-12-29,289.03
CMG,2019-12-31,837.10999
CMG,2021-12-31,1748.25
CMG,2022-06-30,1307.26001
CMG,2022-09-30,1502.76001
CMG,2022-11-30,1626.95996
CMG,2022-12-30,1387.48999
CB,2017-12-29,132.06493
CB,2019-12-31,146.71634
CB,2021-12-31,190.22028
CB,2022-06-30,194.98645
CB,2022-09-30,181.18376
CB,2022-11-30,218.74939
CB,2022-12-30,220.60001
CHD,2017-12-29,47.02985
CHD,2019-12-31,67.90087
CHD,2021-12-31,101.28435
CHD,2022-06-30,92.05552
CHD,2022-09-30,71.18771
CHD,2022-11-30,81.87
CHD,2022-12-30,80.61
CI,2017-12-29,196.11992
CI,2019-12-31,197.5661
CI,2021-12-31,225.89603
CI,2022-06-30,261.59561
CI,2022-09-30,276.52023
CI,2022-11-30,327.76422
CI,2022-12-30,331.34
CINF,2017-12-29,65.83739
CINF,2019-12-31,97.14815
CINF,2021-12-31,111.1609
CINF,2022-06-30,117.39449
CINF,2022-09-30,88.9892
CINF,2022-11-30,110.2405
CINF,2022-12-30,102.39
CTAS,2017-12-29,148.10297
CTAS,2019-12-31,261.17407
CTAS,2021-12-31,438.58572
CTAS,2022-06-30,371.565
CTAS,2022-09-30,387.18423
CTAS,2022-11-30,461.78
CTAS,2022-12-30,451.62
CSCO,2017-12-29,32.91907
CSCO,2019-12-31,43.67478
CSCO,2021-12-31,61.44143
CSCO,2022-06-30,41.87072
CSCO,2022-09-30,39.63187
CSCO,2022-11-30,49.72
CSCO,2022-12-30,47.64
C,2017-12-29,63.47156
C,2019-12-31,71.63608
C,2021-12-31,58.05618
C,2022-06-30,45.01994
C,2022-09-30,41.19329
C,2022-11-30,48.41
C,2022-12-30,45.23
CFG,2017-12-29,34.55162
CFG,2019-12-31,35.56173
CFG,2021-12-31,45.44498
CFG,2022-06-30,34.93277
CFG,2022-09-30,34.00716
CFG,2022-11-30,42.38
CFG,2022-12-30,39.37
CLX,2017-12-29,130.43471
CLX,2019-12-31,142.08231
CLX,2021-12-31,169.0726
CLX,2022-06-30,138.6631
CLX,2022-09-30,127.29653
CLX,2022-11-30,148.64999
CLX,2022-12-30,140.33
CME,2017-12-29,124.10059
CME,2019-12-31,179.84477
CME,2021-12-31,218.07323
CME,2022-06-30,197.26312
CME,2022-09-30,171.55106
CME,2022-11-30,170.94089
CME,2022-12-30,168.16
CMS,2017-12-29,41.05953
CMS,2019-12-31,57.80027
CMS,2021-12-31,63.21721
CMS,2022-06-30,66.51146
CMS,2022-09-30,57.77032
CMS,2022-11-30,61.07
CMS,2022-12-30,63.33
KO,2017-12-29,39.1339
KO,2019-12-31,50.39202
KO,2021-12-31,57.50859
KO,2022-06-30,62.01484
KO,2022-09-30,55.6255
KO,2022-11-30,63.61
KO,2022-12-30,63.61
CTSH,2017-12-29,66.57874
CTSH,2019-12-31,59.50028
CTSH,2021-12-31,87.3679
CTSH,2022-06-30,66.92001
CTSH,2022-09-30,57.17895
CTSH,2022-11-30,62.21
CTSH,2022-12-30,57.19
CL,2017-12-29,66.97478
CL,2019-12-31,64.1858
CL,2021-12-31,83.32307
CL,2022-06-30,79.1324
CL,2022-09-30,69.78983
CL,2022-11-30,77.48
CL,2022-12-30,78.79
CMCSA,2017-12-29,35.97405
CMCSA,2019-12-31,42.09131
CMCSA,2021-12-31,49.03117
CMCSA,2022-06-30,38.63346
CMCSA,2022-09-30,29.07146
CMCSA,2022-11-30,36.64
CMCSA,2022-12-30,34.97
CMA,2017-12-29,71.25623
CMA,2019-12-31,62.46684
CMA,2021-12-31,83.96436
CMA,2022-06-30,72.02536
CMA,2022-09-30,70.37066
CMA,2022-11-30,71.00409
CMA,2022-12-30,66.85
CAG,2017-12-29,32.37432
CAG,2019-12-31,31.08688
CAG,2021-12-31,32.9308
CAG,2022-06-30,33.60761
CAG,2022-09-30,32.33369
CAG,2022-11-30,37.98
CAG,2022-12-30,38.7
COP,2017-12-29,46.7022
COP,2019-12-31,57.58112
COP,2021-12-31,68.72781
COP,2022-06-30,87.26054
COP,2022-09-30,101.31826
COP,2022-11-30,122.74422
COP,2022-12-30,118.0
ED,2017-12-29,70.56056
ED,2019-12-31,80.74207
ED,2021-12-31,82.4102
ED,2022-06-30,93.51648
ED,2022-09-30,85.00157
ED,2022-11-30,98.04
ED,2022-12-30,95.31
STZ,2017-12-29,212.67319
STZ,2019-12-31,181.66382
STZ,2021-12-31,247.67039
STZ,2022-06-30,231.48958
STZ,2022-09-30,228.91202
STZ,2022-11-30,257.35001
STZ,2022-12-30,231.75
CEG,2022-06-30,57.07027
CEG,2022-09-30,83.06293
CEG,2022-11-30,96.12
CEG,2022-12-30,86.21
COO,2017-12-29,217.67162
COO,2019-12-31,321.12662
COO,2021-12-31,418.86841
COO,2022-06-30,313.09006
COO,2022-09-30,263.89999
COO,2022-11-30,316.35001
COO,2022-12-30,330.67001
CPRT,2017-12-29,21.595
CPRT,2019-12-31,45.47
CPRT,2021-12-31,75.81
CPRT,2022-06-30,54.33
CPRT,2022-09-30,53.2
CPRT,2022-11-30,66.56
CPRT,2022-12-30,60.89
GLW,2017-12-29,27.92071
GLW,2019-12-31,26.7273
GLW,2021-12-31,36.11635
GLW,2022-06-30,31.01028
GLW,2022-09-30,28.78597
GLW,2022-11-30,34.13
GLW,2022-12-30,31.94
CTVA,2019-12-31,28.38112
CTVA,2021-12-31,46.80681
CTVA,2022-06-30,53.88404
CTVA,2022-09-30,57.02215
CTVA,2022-11-30,67.16
CTVA,2022-12-30,58.78
CSGP,2017-12-29,29.695
CSGP,2019-12-31,59.83
CSGP,2021-12-31,79.03
CSGP,2022-06-30,60.41
CSGP,2022-09-30,69.65
CSGP,2022-11-30,81.04
CSGP,2022-12-30,77.28
COST,2017-12-29,173.74637
COST,2019-12-31,279.98181
COST,2021-12-31,563.927
COST,2022-06-30,477.59198
COST,2022-09-30,471.41898
COST,2022-11-30,539.25
COST,2022-12-30,456.5
CTRA,2017-12-29,23.51481
CTRA,2019-12-31,14.70292
CTRA,2021-12-31,17.37215
CTRA,2022-06-30,24.60884
CTRA,2022-09-30,25.48859
CTRA,2022-11-30,27.91
CTRA,2022-12-30,24.57
CCI,2017-12-29,93.55771
CCI,2019-12-31,128.94568
CCI,2021-12-31,201.16205
CCI,2022-06-30,165.11461
CCI,2022-09-30,142.98953
CCI,2022-11-30,139.9032
CCI,2022-12-30,135.64
CSX,2017-12-29,17.20358
CSX,2019-12-31,23.24833
CSX,2021-12-31,37.13765
CSX,2022-06-30,28.87979
CSX,2022-09-30,26.55596
CSX,2022-11-30,32.69
CSX,2022-12-30,30.98
CMI,2017-12-29,153.85216
CMI,2019-12-31,165.51418
CMI,2021-12-31,212.37489
CMI,2022-06-30,191.00327
CMI,2022-09-30,202.2318
CMI,2022-11-30,251.16
CMI,2022-12-30,242.28999
CVS,2017-12-29,62.99586
CVS,2019-12-31,68.67138
CVS,2021-12-31,100.88326
CVS,2022-06-30,91.57161
CVS,2022-09-30,94.79774
CVS,2022-11-30,101.88
CVS,2022-12-30,93.19
DHI,2017-12-29,48.14873
DHI,2019-12-31,51.06301
DHI,2021-12-31,107.18063
DHI,2022-06-30,65.79736
DHI,2022-09-30,67.15421
DHI,2022-11-30,85.75
DHI,2022-12-30,89.14
DHR,2017-12-29,90.78403
DHR,2019-12-31,151.7981
DHR,2021-12-31,327.76364
DHR,2022-06-30,253.0378
DHR,2022-09-30,258.04102
DHR,2022-11-30,273.14645
DHR,2022-12-30,265.42001
DRI,2017-12-29,84.6891
DRI,2019-12-31,101.64844
DRI,2021-12-31,145.36549
DRI,2022-06-30,110.92952
DRI,2022-09-30,125.17164
DRI,2022-11-30,146.99001
DRI,2022-12-30,138.33
DVA,2017-12-29,72.25
DVA,2019-12-31,75.03
DVA,2021-12-31,113.76
DVA,2022-06-30,79.96
DVA,2022-09-30,82.77
DVA,2022-11-30,73.73
DVA,2022-12-30,74.67
DE,2017-12-29,144.86475
DE,2019-12-31,166.40593
DE,2021-12-31,338.70728
DE,2022-06-30,297.65903
DE,2022-09-30,332.95862
DE,2022-11-30,439.76981
DE,2022-12-30,428.76001
DAL,2017-12-29,52.82204
DAL,2019-12-31,58.07865
DAL,2021-12-31,39.08
DAL,2022-06-30,28.97
DAL,2022-09-30,28.06
DAL,2022-11-30,35.37
DAL,2022-12-30,32.86
XRAY,2017-12-29,62.84924
XRAY,2019-12-31,54.86602
XRAY,2021-12-31,54.99774
XRAY,2022-06-30,35.43646
XRAY,2022-09-30,28.23561
XRAY,2022-11-30,30.13791
XRAY,2022-12-30,31.84
DVN,2017-12-29,33.22136
DVN,2019-12-31,21.30928
DVN,2021-12-31,40.7718
DVN,2022-06-30,52.72513
DVN,2022-09-30,58.85165
DVN,2022-11-30,67.06327
DVN,2022-12-30,61.51
DXCM,2017-12-29,14.3475
DXCM,2019-12-31,54.685
DXCM,2021-12-31,134.2375
DXCM,2022-06-30,74.53
DXCM,2022-09-30,80.54
DXCM,2022-11-30,116.28
DXCM,2022-12-30,113.24
FANG,2017-12-29,110.68006
FANG,2019-12-31,82.2648
FANG,2021-12-31,101.06577
FANG,2022-06-30,116.7728
FANG,2022-09-30,118.83012
FANG,2022-11-30,148.02
FANG,2022-12-30,136.78
DLR,2017-12-29,95.61141
DLR,2019-12-31,108.05849
DLR,2021-12-31,169.94868
DLR,2022-06-30,127.1006
DLR,2022-09-30,98.0908
DLR,2022-11-30,111.22495
DLR,2022-12-30,100.27
DFS,2017-12-29,68.89858
DFS,2019-12-31,79.1693
DFS,2021-12-31,113.15802
DFS,2022-06-30,93.51598
DFS,2022-09-30,90.41554
DFS,2022-11-30,108.36
DFS,2022-12-30,97.83
DISH,2017-12-29,47.75
DISH,2019-12-31,35.47
DISH,2021-12-31,32.44
DISH,2022-06-30,17.93
DISH,2022-09-30,13.83
DISH,2022-11-30,16.05
DISH,2022-12-30,14.04
DIS,2017-12-29,104.55402
DIS,2019-12-31,144.63
DIS,2021-12-31,154.89
DIS,2022-06-30,94.4
DIS,2022-09-30,94.33
DIS,2022-11-30,97.87
DIS,2022-12-30,86.88
DG,2017-12-29,88.68114
DG,2019-12-31,151.88657
DG,2021-12-31,233.25592
DG,2022-06-30,243.78664
DG,2022-09-30,238.7793
DG,2022-11-30,255.11299
DG,2022-12-30,246.25
DLTR,2017-12-29,107.31
DLTR,2019-12-31,94.05
DLTR,2021-12-31,140.52
DLTR,2022-06-30,155.85001
DLTR,2022-09-30,136.10001
DLTR,2022-11-30,150.28999
DLTR,2022-12-30,141.44
D,2017-12-29,65.98333
D,2019-12-31,74.08415
D,2021-12-31,75.81463
D,2022-06-30,78.29296
D,2022-09-30,68.35455
D,2022-11-30,60.442
D,2022-12-30,61.32
DPZ,2017-12-29,180.28419
DPZ,2019-12-31,285.48788
DPZ,2021-12-31,557.63538
DPZ,2022-06-30,387.3056
DPZ,2022-09-30,309.25708
DPZ,2022-11-30,387.54837
DPZ,2022-12-30,346.39999
DOV,2017-12-29,74.71141
DOV,2019-12-31,110.11182
DOV,2021-12-31,178.96967
DOV,2022-06-30,120.40123
DOV,2022-09-30,116.15746
DOV,2022-11-30,141.95
DOV,2022-12-30,135.41
DOW,2019-12-31,46.84309
DOW,2021-12-31,53.97747
DOW,2022-06-30,50.22535
DOW,2022-09-30,43.31743
DOW,2022-11-30,50.97
DOW,2022-12-30,50.39
DTE,2017-12-29,79.15817
DTE,2019-12-31,100.12901
DTE,2021-12-31,116.09592
DTE,2022-06-30,124.88383
DTE,2022-09-30,114.12949
DTE,2022-11-30,115.0818
DTE,2022-12-30,117.53
DUK,2017-12-29,68.27922
DUK,2019-12-31,80.88836
DUK,2021-12-31,100.94439
DUK,2022-06-30,105.14095
DUK,2022-09-30,92.06548
DUK,2022-11-30,99.93
DUK,2022-12-30,102.99
DD,2017-12-29,91.68156
DD,2019-12-31,60.58289
DD,2021-12-31,79.21016
DD,2022-06-30,55.00837
DD,2022-09-30,50.16018
DD,2022-11-30,70.51
DD,2022-12-30,68.63
DXC,2017-12-29,78.22628
DXC,2019-12-31,36.86178
DXC,2021-12-31,32.19
DXC,2022-06-30,30.31
DXC,2022-09-30,24.48
DXC,2022-11-30,29.67
DXC,2022-12-30,26.5
EMN,2017-12-29,79.294
EMN,2019-12-31,71.85225
EMN,2021-12-31,116.97093
EMN,2022-06-30,88.16116
EMN,2022-09-30,70.41289
EMN,2022-11-30,85.84327
EMN,2022-12-30,81.44
ETN,2017-12-29,70.37604
ETN,2019-12-31,88.83183
ETN,2021-12-31,169.09534
ETN,2022-06-30,124.66503
ETN,2022-09-30,132.67714
ETN,2022-11-30,163.45
ETN,2022-12-30,156.95
EBAY,2017-12-29,35.57812
EBAY,2019-12-31,34.55565
EBAY,2021-12-31,65.2711
EBAY,2022-06-30,41.25535
EBAY,2022-09-30,36.62498
EBAY,2022-11-30,45.44
EBAY,2022-12-30,41.47
ECL,2017-12-29,127.24886
ECL,2019-12-31,186.93839
ECL,2021-12-31,231.4095
ECL,2022-06-30,152.69865
ECL,2022-09-30,143.88864
ECL,2022-11-30,149.27873
ECL,2022-12-30,145.56
EIX,2017-12-29,51.29498
EIX,2019-12-31,65.89329
EIX,2021-12-31,65.30437
EIX,2022-06-30,61.12421
EIX,2022-09-30,55.9378
EIX,2022-11-30,65.90339
EIX,2022-12-30,63.62
EW,2017-12-29,37.57
EW,2019-12-31,77.76334
EW,2021-12-31,129.55
EW,2022-06-30,95.09
EW,2022-09-30,82.63
EW,2022-11-30,77.25
EW,2022-12-30,74.61
EA,2017-12-29,103.81248
EA,2019-12-31,106.23341
EA,2021-12-31,131.15678
EA,2022-06-30,121.29184
EA,2022-09-30,115.53871
EA,2022-11-30,130.78
EA,2022-12-30,122.18
ELV,2017-12-29,212.05774
ELV,2019-12-31,291.3736
ELV,2021-12-31,458.71439
ELV,2022-06-30,480.13351
ELV,2022-09-30,453.13303
ELV,2022-11-30,531.62128
ELV,2022-12-30,512.96997
LLY,2017-12-29,76.75835
LLY,2019-12-31,125.21136
LLY,2021-12-31,272.49573
LLY,2022-06-30,322.276
LLY,2022-09-30,322.45053
LLY,2022-11-30,371.07999
LLY,2022-12-30,365.84
EMR,2017-12-29,61.05278
EMR,2019-12-31,70.7714
EMR,2021-12-31,90.84924
EMR,2022-06-30,78.62151
EMR,2022-09-30,72.8028
EMR,2022-11-30,95.77
EMR,2022-12-30,96.06
ENPH,2017-12-29,2.41
ENPH,2019-12-31,26.13
ENPH,2021-12-31,182.94
ENPH,2022-06-30,195.24001
ENPH,2022-09-30,277.47
ENPH,2022-11-30,320.59
ENPH,2022-12-30,264.95999
ETR,2017-12-29,67.36521
ETR,2019-12-31,107.52203
ETR,2021-12-31,108.64024
ETR,2022-06-30,110.57409
ETR,2022-09-30,99.62482
ETR,2022-11-30,116.27
ETR,2022-12-30,112.5
EOG,2017-12-29,90.23934
EOG,2019-12-31,71.32661
EOG,2021-12-31,82.55794
EOG,2022-06-30,106.36465
EOG,2022-09-30,109.7648
EOG,2022-11-30,140.2597
EOG,2022-12-30,129.52
EPAM,2017-12-29,107.43
EPAM,2019-12-31,212.16
EPAM,2021-12-31,668.45001
EPAM,2022-06-30,294.78
EPAM,2022-09-30,362.19
EPAM,2022-11-30,368.57999
EPAM,2022-12-30,327.73999
EQT,2017-12-29,29.96032
EQT,2019-12-31,10.66427
EQT,2021-12-31,21.46025
EQT,2022-06-30,34.16158
EQT,2022-09-30,40.61164
EQT,2022-11-30,42.41
EQT,2022-12-30,33.83
EFX,2017-12-29,112.16161
EFX,2019-12-31,136.73888
EFX,2021-12-31,290.49677
EFX,2022-06-30,182.04306
EFX,2022-09-30,171.0899
EFX,2022-11-30,197.37
EFX,2022-12-30,194.36
EQIX,2017-12-29,413.60739
EQIX,2019-12-31,555.84729
EQIX,2021-12-31,830.47943
EQIX,2022-06-30,650.99664
EQIX,2022-09-30,566.08014
EQIX,2022-11-30,690.65002
EQIX,2022-12-30,655.03003
EQR,2017-12-29,53.79658
EQR,2019-12-31,72.679
EQR,2021-12-31,87.35423
EQR,2022-06-30,70.81686
EQR,2022-09-30,66.51792
EQR,2022-11-30,64.18257
EQR,2022-12-30,59.0
ESS,2017-12-29,206.64215
ESS,2019-12-31,272.76529
ESS,2021-12-31,340.4877
ESS,2022-06-30,256.49799
ESS,2022-09-30,239.74292
ESS,2022-11-30,218.11726
ESS,2022-12-30,211.92
EL,2017-12-29,121.6857
EL,2019-12-31,201.70265
EL,2021-12-31,366.55252
EL,2022-06-30,253.31023
EL,2022-09-30,215.24425
EL,2022-11-30,235.78999
EL,2022-12-30,248.11
ETSY,2017-12-29,20.45
ETSY,2019-12-31,44.3
ETSY,2021-12-31,218.94
ETSY,2022-06-30,73.21
ETSY,2022-09-30,100.13
ETSY,2022-11-30,132.09
ETSY,2022-12-30,119.78
RE,2017-12-29,198.36957
RE,2019-12-31,256.95886
RE,2021-12-31,267.72501
RE,2022-06-30,277.17767
RE,2022-09-30,261.10373
RE,2022-11-30,337.94
RE,2022-12-30,331.26999
EVRG,2017-12-29,44.56256
EVRG,2019-12-31,58.52593
EVRG,2021-12-31,66.16691
EVRG,2022-06-30,64.05698
EVRG,2022-09-30,58.78752
EVRG,2022-11-30,59.21
EVRG,2022-12-30,62.93
ES,2017-12-29,54.60893
ES,2019-12-31,78.14971
ES,2021-12-31,88.30801
ES,2022-06-30,83.23433
ES,2022-09-30,77.38063
ES,2022-11-30,82.24422
ES,2022-12-30,83.84
EXC,2017-12-29,23.78689
EXC,2019-12-31,29.35009
EXC,2021-12-31,39.92034
EXC,2022-06-30,44.59604
EXC,2022-09-30,37.13626
EXC,2022-11-30,41.37
EXC,2022-12-30,43.23
EXPE,2017-12-29,116.74865
EXPE,2019-12-31,107.7397
EXPE,2021-12-31,180.72
EXPE,2022-06-30,94.83
EXPE,2022-09-30,93.69
EXPE,2022-11-30,106.84
EXPE,2022-12-30,87.6
EXPD,2017-12-29,60.94216
EXPD,2019-12-31,75.41306
EXPD,2021-12-31,132.68933
EXPD,2022-06-30,96.88499
EXPD,2022-09-30,87.78897
EXPD,2022-11-30,116.06
EXPD,2022-12-30,103.92
EXR,2017-12-29,74.06837
EXR,2019-12-31,95.9195
EXR,2021-12-31,219.0726
EXR,2022-06-30,167.21167
EXR,2022-09-30,171.07677
EXR,2022-11-30,159.17043
EXR,2022-12-30,147.17999
XOM,2017-12-29,64.31032
XOM,2019-12-31,58.55318
XOM,2021-12-31,58.85521
XOM,2022-06-30,84.13857
XOM,2022-09-30,86.61275
XOM,2022-11-30,111.34
XOM,2022-12-30,110.3
FFIV,2017-12-29,131.22
FFIV,2019-12-31,139.64999
FFIV,2021-12-31,244.71001
FFIV,2022-06-30,153.03999
FFIV,2022-09-30,144.73
FFIV,2022-11-30,154.61
FFIV,2022-12-30,143.50999
FDS,2017-12-29,183.49794
FDS,2019-12-31,261.13754
FDS,2021-12-31,481.93033
FDS,2022-06-30,383.03937
FDS,2022-09-30,399.32278
FDS,2022-11-30,461.29001
FDS,2022-12-30,401.20999
FAST,2017-12-29,23.92616
FAST,2019-12-31,34.15295
FAST,2021-12-31,62.54268
FAST,2022-06-30,49.27384
FAST,2022-09-30,45.73762
FAST,2022-11-30,51.51
FAST,2022-12-30,47.32
FRT,2017-12-29,109.78748
FRT,2019-12-31,113.51897
FRT,2021-12-31,130.64742
FRT,2022-06-30,93.66596
FRT,2022-09-30,89.16794
FRT,2022-11-30,109.92629
FRT,2022-12-30,101.04
FDX,2017-12-29,232.04181
FDX,2019-12-31,144.3418
FDX,2021-12-31,253.3588
FDX,2022-06-30,223.96497
FDX,2022-09-30,147.47681
FDX,2022-11-30,181.00104
FDX,2022-12-30,173.2
FITB,2017-12-29,25.39251
FITB,2019-12-31,27.35629
FITB,2021-12-31,42.03104
FITB,2022-06-30,32.92381
FITB,2022-09-30,31.63766
FITB,2022-11-30,35.99329
FITB,2022-12-30,32.81
FRC,2017-12-29,83.76257
FRC,2019-12-31,115.26942
FRC,2021-12-31,205.04495
FRC,2022-06-30,143.6179
FRC,2022-09-30,130.24976
FRC,2022-11-30,127.61
FRC,2022-12-30,121.89
FSLR,2017-12-29,67.52
FSLR,2019-12-31,55.96
FSLR,2021-12-31,87.16
FSLR,2022-06-30,68.13
FSLR,2022-09-30,132.27
FSLR,2022-11-30,172.53
FSLR,2022-12-30,149.78999
FE,2017-12-29,25.0059
FE,2019-12-31,42.88288
FE,2021-12-31,40.02406
FE,2022-06-30,37.62204
FE,2022-09-30,36.62235
FE,2022-11-30,41.24
FE,2022-12-30,41.94
FIS,2017-12-29,87.95995
FIS,2019-12-31,133.12381
FIS,2021-12-31,106.78687
FIS,2022-06-30,90.55612
FIS,2022-09-30,75.05696
FIS,2022-11-30,72.08726
FIS,2022-12-30,67.85
FISV,2017-12-29,65.565
FISV,2019-12-31,115.63
FISV,2021-12-31,103.79
FISV,2022-06-30,88.97
FISV,2022-09-30,93.57
FISV,2022-11-30,104.36
FISV,2022-12-30,101.07
FLT,2017-12-29,192.42999
FLT,2019-12-31,287.72
FLT,2021-12-31,223.84
FLT,2022-06-30,210.11
FLT,2022-09-30,176.17
FLT,2022-11-30,196.2
FLT,2022-12-30,183.67999
FMC,2017-12-29,75.30527
FMC,2019-12-31,94.39137
FMC,2021-12-31,107.86965
FMC,2022-06-30,105.99125
FMC,2022-09-30,105.20821
FMC,2022-11-30,130.03218
FMC,2022-12-30,124.8
F,2017-12-29,10.35282
F,2019-12-31,8.8114
F,2021-12-31,20.11423
F,2022-06-30,10.90609
F,2022-09-30,11.08414
F,2022-11-30,13.9
F,2022-12-30,11.63
FTNT,2017-12-29,8.738
FTNT,2019-12-31,21.352
FTNT,2021-12-31,71.88
FTNT,2022-06-30,56.58
FTNT,2022-09-30,49.13
FTNT,2022-11-30,53.16
FTNT,2022-12-30,48.89
FTV,2017-12-29,59.36242
FTV,2019-12-31,63.14044
FTV,2021-12-31,75.95039
FTV,2022-06-30,54.2628
FTV,2022-09-30,58.23783
FTV,2022-11-30,67.55
FTV,2022-12-30,64.25
FOXA,2019-12-31,35.59912
FOXA,2021-12-31,36.42104
FOXA,2022-06-30,31.92573
FOXA,2022-09-30,30.68
FOXA,2022-11-30,32.45
FOXA,2022-12-30,30.37
FOX,2019-12-31,34.88356
FOX,2021-12-31,33.78671
FOX,2022-06-30,29.466
FOX,2022-09-30,28.5
FOX,2022-11-30,30.52
FOX,2022-12-30,28.45
BEN,2017-12-29,32.63723
BEN,2019-12-31,22.69688
BEN,2021-12-31,31.98186
BEN,2022-06-30,22.75265
BEN,2022-09-30,21.27321
BEN,2022-11-30,26.50255
BEN,2022-12-30,26.38
FCX,2017-12-29,17.94355
FCX,2019-12-31,12.76428
FCX,2021-12-31,41.01175
FCX,2022-06-30,28.94268
FCX,2022-09-30,27.18785
FCX,2022-11-30,39.8
FCX,2022-12-30,38.0
GRMN,2017-12-29,52.18379
GRMN,2019-12-31,90.63437
GRMN,2021-12-31,132.21213
GRMN,2022-06-30,96.70792
GRMN,2022-09-30,79.70473
GRMN,2022-11-30,92.28916
GRMN,2022-12-30,92.29
IT,2017-12-29,123.15
IT,2019-12-31,154.10001
IT,2021-12-31,334.32001
IT,2022-06-30,241.83
IT,2022-09-30,276.69
IT,2022-11-30,350.37
IT,2022-12-30,336.14001
GEN,2017-12-29,14.76371
GEN,2019-12-31,13.82069
GEN,2021-12-31,25.45578
GEN,2022-06-30,21.72289
GEN,2022-09-30,20.02786
GEN,2022-11-30,22.96
GEN,2022-12-30,21.43
GNRC,2017-12-29,49.52
GNRC,2019-12-31,100.59
GNRC,2021-12-31,351.92001
GNRC,2022-06-30,210.58
GNRC,2022-09-30,178.14
GNRC,2022-11-30,105.52
GNRC,2022-12-30,100.66
GD,2017-12-29,180.80922
GD,2019-12-31,163.26501
GD,2021-12-31,203.88997
GD,2022-06-30,220.02019
GD,2022-09-30,210.99065
GD,2022-11-30,252.39
GD,2022-12-30,248.11
GE,2017-12-29,128.39413
GE,2019-12-31,88.17014
GE,2021-12-31,94.06493
GE,2022-06-30,63.52971
GE,2022-09-30,61.85024
GE,2022-11-30,85.88702
GE,2022-12-30,83.79
GIS,2017-12-29,49.63994
GIS,2019-12-31,48.61851
GIS,2021-12-31,65.46059
GIS,2022-06-30,74.39474
GIS,2022-09-30,76.07751
GIS,2022-11-30,85.3
GIS,2022-12-30,83.85
GM,2017-12-29,37.16675
GM,2019-12-31,35.99648
GM,2021-12-31,58.36665
GM,2022-06-30,31.61734
GM,2022-09-30,32.0188
GM,2022-11-30,40.47
GM,2022-12-30,33.64
GPC,2017-12-29,82.15937
GPC,2019-12-31,97.55437
GPC,2021-12-31,136.8138
GPC,2022-06-30,131.59143
GPC,2022-09-30,148.59103
GPC,2022-11-30,182.435
GPC,2022-12-30,173.50999
GILD,2017-12-29,58.93493
GILD,2019-12-31,57.27239
GILD,2021-12-31,69.44131
GILD,2022-06-30,60.61419
GILD,2022-09-30,61.18258
GILD,2022-11-30,87.10757
GILD,2022-12-30,85.85
GL,2017-12-29,87.05003
GL,2019-12-31,102.55862
GL,2021-12-31,92.95513
GL,2022-06-30,97.07208
GL,2022-09-30,99.50531
GL,2022-11-30,119.96
GL,2022-12-30,120.55
GPN,2017-12-29,98.28151
GPN,2019-12-31,179.28992
GPN,2021-12-31,134.05417
GPN,2022-06-30,110.1487
GPN,2022-09-30,107.77361
GPN,2022-11-30,103.51453
GPN,2022-12-30,99.32
GS,2017-12-29,230.2101
GS,2019-12-31,214.97725
GS,2021-12-31,372.71664
GS,2022-06-30,292.87366
GS,2022-09-30,291.14069
GS,2022-11-30,386.14999
GS,2022-12-30,343.38
HAL,2017-12-29,44.57313
HAL,2019-12-31,23.47252
HAL,2021-12-31,22.55616
HAL,2022-06-30,31.13106
HAL,2022-09-30,24.53839
HAL,2022-11-30,37.7644
HAL,2022-12-30,39.35
HIG,2017-12-29,49.97289
HIG,2019-12-31,56.38673
HIG,2021-12-31,67.51586
HIG,2022-06-30,64.67822
HIG,2022-09-30,61.59285
HIG,2022-11-30,76.37
HIG,2022-12-30,75.83
HAS,2017-12-29,78.32058
HAS,2019-12-31,95.91626
HAS,2021-12-31,98.29021
HAS,2022-06-30,80.29607
HAS,2022-09-30,66.702
HAS,2022-11-30,62.82
HAS,2022-12-30,61.01
HCA,2017-12-29,83.66624
HCA,2019-12-31,144.23735
HCA,2021-12-31,254.30699
HCA,2022-06-30,167.22249
HCA,2022-09-30,183.36597
HCA,2022-11-30,239.66579
HCA,2022-12-30,239.96001
PEAK,2017-12-29,20.62374
PEAK,2019-12-31,30.28315
PEAK,2021-12-31,34.59157
PEAK,2022-06-30,25.30043
PEAK,2022-09-30,22.63338
PEAK,2022-11-30,26.26
PEAK,2022-12-30,25.07
HSIC,2017-12-29,54.80784
HSIC,2019-12-31,66.72
HSIC,2021-12-31,77.53
HSIC,2022-06-30,76.74
HSIC,2022-09-30,65.77
HSIC,2022-11-30,80.92
HSIC,2022-12-30,79.87
HSY,2017-12-29,101.73669
HSY,2019-12-31,138.47841
HSY,2021-12-31,190.02588
HSY,2022-06-30,213.19846
HSY,2022-09-30,219.44644
HSY,2022-11-30,235.17
HSY,2022-12-30,231.57001
HES,2017-12-29,43.68097
HES,2019-12-31,63.62857
HES,2021-12-31,73.09478
HES,2022-06-30,105.32794
HES,2022-09-30,108.6865
HES,2022-11-30,143.50928
HES,2022-12-30,141.82001
HPE,2017-12-29,12.19417
HPE,2019-12-31,14.2433
HPE,2021-12-31,15.27411
HPE,2022-06-30,13.04451
HPE,2022-09-30,11.89213
HPE,2022-11-30,16.65692
HPE,2022-12-30,15.96
HLT,2017-12-29,78.34579
HLT,2019-12-31,110.36282
HLT,2021-12-31,155.4586
HLT,2022-06-30,111.18697
HLT,2022-09-30,120.4817
HLT,2022-11-30,142.62
HLT,2022-12-30,126.36
HOLX,2017-12-29,42.75
HOLX,2019-12-31,52.21
HOLX,2021-12-31,76.56
HOLX,2022-06-30,69.3
HOLX,2022-09-30,64.52
HOLX,2022-11-30,76.16
HOLX,2022-12-30,74.81
HD,2017-12-29,168.42441
HD,2019-12-31,203.85214
HD,2021-12-31,404.82513
HD,2022-06-30,270.85345
HD,2022-09-30,274.28067
HD,2022-11-30,323.98999
HD,2022-12-30,315.85999
HON,2017-12-29,132.86975
HON,2019-12-31,166.61276
HON,2021-12-31,204.28433
HON,2022-06-30,172.10356
HON,2022-09-30,166.15633
HON,2022-11-30,219.55
HON,2022-12-30,214.3
HRL,2017-12-29,32.82925
HRL,2019-12-31,42.37769
HRL,2021-12-31,47.78349
HRL,2022-06-30,46.83896
HRL,2022-09-30,45.18305
HRL,2022-11-30,47.0
HRL,2022-12-30,45.55
HST,2017-12-29,17.20559
HST,2019-12-31,17.6309
HST,2021-12-31,16.82671
HST,2022-06-30,15.25184
HST,2022-09-30,15.55919
HST,2022-11-30,18.55737
HST,2022-12-30,16.05
HWM,2017-12-29,26.66528
HWM,2019-12-31,30.62328
HWM,2021-12-31,31.74003
HWM,2022-06-30,31.39753
HWM,2022-09-30,30.89499
HWM,2022-11-30,37.67
HWM,2022-12-30,39.41
HPQ,2017-12-29,18.04832
HPQ,2019-12-31,18.70804
HPQ,2021-12-31,36.50945
HPQ,2022-06-30,32.19809
HPQ,2022-09-30,24.69416
HPQ,2022-11-30,29.76776
HPQ,2022-12-30,26.87
HUM,2017-12-29,239.64191
HUM,2019-12-31,359.26517
HUM,2021-12-31,460.79453
HUM,2022-06-30,466.60849
HUM,2022-09-30,484.44806
HUM,2022-11-30,549.05914
HUM,2022-12-30,512.19
HBAN,2017-12-29,11.68742
HBAN,2019-12-31,13.04833
HBAN,2021-12-31,14.74432
HBAN,2022-06-30,11.765
HBAN,2022-09-30,13.03132
HBAN,2022-11-30,15.30537
HBAN,2022-12-30,14.1
HII,2017-12-29,213.69853
HII,2019-12-31,234.207
HII,2021-12-31,182.60405
HII,2022-06-30,215.57961
HII,2022-09-30,220.30795
HII,2022-11-30,231.96001
HII,2022-12-30,230.67999
IBM,2017-12-29,115.41232
IBM,2019-12-31,110.44939
IBM,2021-12-31,127.34441
IBM,2022-06-30,137.79039
IBM,2022-09-30,117.41013
IBM,2022-11-30,148.89999
IBM,2022-12-30,140.89
IEX,2017-12-29,124.46571
IEX,2019-12-31,166.26846
IEX,2021-12-31,233.51941
IEX,2022-06-30,180.4873
IEX,2022-09-30,199.25165
IEX,2022-11-30,237.49001
IEX,2022-12-30,228.33
IDXX,2017-12-29,156.38
IDXX,2019-12-31,261.13
IDXX,2021-12-31,658.46002
IDXX,2022-06-30,350.73001
IDXX,2022-09-30,325.79999
IDXX,2022-11-30,425.87
IDXX,2022-12-30,407.95999
ITW,2017-12-29,147.45343
ITW,2019-12-31,167.2417
ITW,2021-12-31,240.65297
ITW,2022-06-30,179.90765
ITW,2022-09-30,179.5764
ITW,2022-11-30,226.11816
ITW,2022-12-30,220.3
ILMN,2017-12-29,218.49001
ILMN,2019-12-31,331.73999
ILMN,2021-12-31,380.44
ILMN,2022-06-30,184.36
ILMN,2022-09-30,190.78999
ILMN,2022-11-30,218.08
ILMN,2022-12-30,202.2
INCY,2017-12-29,94.71
INCY,2019-12-31,87.32
INCY,2021-12-31,73.4
INCY,2022-06-30,75.97
INCY,2022-09-30,66.64
INCY,2022-11-30,79.67
INCY,2022-12-30,80.32
IR,2017-12-29,33.86269
IR,2019-12-31,36.60723
IR,2021-12-31,61.76859
IR,2022-06-30,42.04903
IR,2022-09-30,43.24432
IR,2022-11-30,53.97
IR,2022-12-30,52.25
INTC,2017-12-29,40.18669
INTC,2019-12-31,54.74895
INTC,2021-12-31,49.53398
INTC,2022-06-30,36.54256
INTC,2022-09-30,25.42659
INTC,2022-11-30,30.07
INTC,2022-12-30,26.43
ICE,2017-12-29,66.22429
ICE,2019-12-31,89.1134
ICE,2021-12-31,134.83551
ICE,2022-06-30,93.3475
ICE,2022-09-30,90.02726
ICE,2022-11-30,107.9231
ICE,2022-12-30,102.59
IP,2017-12-29,44.23517
IP,2019-12-31,38.19772
IP,2021-12-31,45.00023
IP,2022-06-30,40.86469
IP,2022-09-30,31.29931
IP,2022-11-30,37.12
IP,2022-12-30,34.63
IPG,2017-12-29,16.49774
IPG,2019-12-31,20.46634
IPG,2021-12-31,36.13675
IPG,2022-06-30,27.01729
IPG,2022-09-30,25.38362
IPG,2022-11-30,34.36
IPG,2022-12-30,33.31
IFF,2017-12-29,134.96616
IFF,2019-12-31,119.28062
IFF,2021-12-31,146.31998
IFF,2022-06-30,117.2258
IFF,2022-09-30,90.12189
IFF,2022-11-30,104.99503
IFF,2022-12-30,104.84
INTU,2017-12-29,152.2379
INTU,2019-12-31,256.96704
INTU,2021-12-31,639.32153
INTU,2022-06-30,384.07632
INTU,2022-09-30,386.58954
INTU,2022-11-30,407.59
INTU,2022-12-30,389.22
ISRG,2017-12-29,121.64667
ISRG,2019-12-31,197.05
ISRG,2021-12-31,359.29999
ISRG,2022-06-30,200.71001
ISRG,2022-09-30,187.44
ISRG,2022-11-30,270.39001
ISRG,2022-12-30,265.35001
IVZ,2017-12-29,28.74496
IVZ,2019-12-31,15.84024
IVZ,2021-12-31,22.1296
IVZ,2022-06-30,15.78322
IVZ,2022-09-30,13.544
IVZ,2022-11-30,19.11
IVZ,2022-12-30,17.99
INVH,2017-12-29,21.24849
INVH,2019-12-31,28.11838
INVH,2021-12-31,44.26603
INVH,2022-06-30,35.12257
INVH,2022-09-30,33.53057
INVH,2022-11-30,32.63
INVH,2022-12-30,29.64
IQV,2017-12-29,97.9
IQV,2019-12-31,154.50999
IQV,2021-12-31,282.14001
IQV,2022-06-30,216.99001
IQV,2022-09-30,181.14
IQV,2022-11-30,218.02
IQV,2022-12-30,204.89
IRM,2017-12-29,27.0054
IRM,2019-12-31,26.3122
IRM,2021-12-31,49.8887
IRM,2022-06-30,47.60339
IRM,2022-09-30,43.47995
IRM,2022-11-30,53.72449
IRM,2022-12-30,49.85
JBHT,2017-12-29,110.06934
JBHT,2019-12-31,113.84811
JBHT,2021-12-31,202.56094
JBHT,2022-06-30,156.74236
JBHT,2022-09-30,156.04672
JBHT,2022-11-30,183.89
JBHT,2022-12-30,174.36
JKHY,2017-12-29,110.68603
JKHY,2019-12-31,140.97519
JKHY,2021-12-31,165.25443
JKHY,2022-06-30,179.09842
JKHY,2022-09-30,181.78957
JKHY,2022-11-30,189.35001
JKHY,2022-12-30,175.56
J,2017-12-29,63.36416
J,2019-12-31,87.82183
J,2021-12-31,138.19576
J,2022-06-30,126.64525
J,2022-09-30,108.49
J,2022-11-30,126.54
J,2022-12-30,120.07
JNJ,2017-12-29,122.41689
JNJ,2019-12-31,134.97223
JNJ,2021-12-31,166.69043
JNJ,2022-06-30,175.19446
JNJ,2022-09-30,162.31235
JNJ,2022-11-30,178.0
JNJ,2022-12-30,176.64999
JCI,2017-12-29,33.62268
JCI,2019-12-31,37.97235
JCI,2021-12-31,79.29497
JCI,2022-06-30,47.29618
JCI,2022-09-30,48.95424
JCI,2022-11-30,66.08125
JCI,2022-12-30,64.0
JPM,2017-12-29,92.5106
JPM,2019-12-31,127.2049
JPM,2021-12-31,153.50493
JPM,2022-06-30,110.6328
JPM,2022-09-30,103.57333
JPM,2022-11-30,138.17999
JPM,2022-12-30,134.10001
JNPR,2017-12-29,24.59411
JNPR,2019-12-31,22.48638
JNPR,2021-12-31,34.76618
JNPR,2022-06-30,28.10662
JNPR,2022-09-30,25.94789
JNPR,2022-11-30,33.24
JNPR,2022-12-30,31.96
K,2017-12-29,56.91882
K,2019-12-31,62.20383
K,2021-12-31,62.29842
K,2022-06-30,70.18832
K,2022-09-30,69.09233
K,2022-11-30,72.95
K,2022-12-30,71.24
KDP,2017-12-29,14.19048
KDP,2019-12-31,27.18521
KDP,2021-12-31,36.10248
KDP,2022-06-30,35.19645
KDP,2022-09-30,35.82
KDP,2022-11-30,38.67
KDP,2022-12-30,35.66
KEY,2017-12-29,16.57053
KEY,2019-12-31,17.8296
KEY,2021-12-31,22.24434
KEY,2022-06-30,16.86405
KEY,2022-09-30,15.84743
KEY,2022-11-30,18.81
KEY,2022-12-30,17.42
KEYS,2017-12-29,41.6
KEYS,2019-12-31,102.63
KEYS,2021-12-31,206.50999
KEYS,2022-06-30,137.85001
KEYS,2022-09-30,157.36
KEYS,2022-11-30,180.89
KEYS,2022-12-30,171.07001
KMB,2017-12-29,102.11284
KMB,2019-12-31,124.58719
KMB,2021-12-31,137.9286
KMB,2022-06-30,132.7834
KMB,2022-09-30,111.58501
KMB,2022-11-30,134.47908
KMB,2022-12-30,135.75
KIM,2017-12-29,14.18149
KIM,2019-12-31,18.42005
KIM,2021-12-31,23.74371
KIM,2022-06-30,19.36534
KIM,2022-09-30,18.21744
KIM,2022-11-30,22.68027
KIM,2022-12-30,21.18
KMI,2017-12-29,13.5683
KMI,2019-12-31,17.40449
KMI,2021-12-31,14.9131
KMI,2022-06-30,16.24673
KMI,2022-09-30,16.38286
KMI,2022-11-30,19.12
KMI,2022-12-30,18.08
KLAC,2017-12-29,95.66843
KLAC,2019-12-31,170.77837
KLAC,2021-12-31,424.57632
KLAC,2022-06-30,316.88
KLAC,2022-09-30,301.59528
KLAC,2022-11-30,393.14999
KLAC,2022-12-30,377.03
KHC,2017-12-29,61.61292
KHC,2019-12-31,28.03841
KHC,2021-12-31,34.4487
KHC,2022-06-30,37.36036
KHC,2022-09-30,33.0076
KHC,2022-11-30,39.35
KHC,2022-12-30,40.71
KR,2017-12-29,24.76878
KR,2019-12-31,27.28022
KR,2021-12-31,44.38678
KR,2022-06-30,46.8094
KR,2022-09-30,43.50849
KR,2022-11-30,49.19
KR,2022-12-30,44.58
LHX,2017-12-29,129.78696
LHX,2019-12-31,187.11412
LHX,2021-12-31,209.22021
LHX,2022-06-30,239.29755
LHX,2022-09-30,206.77913
LHX,2022-11-30,227.08
LHX,2022-12-30,208.21001
LH,2017-12-29,158.13994
LH,2019-12-31,167.71696
LH,2021-12-31,311.5112
LH,2022-06-30,233.02425
LH,2022-09-30,204.21002
LH,2022-11-30,240.7
LH,2022-12-30,235.48
LRCX,2017-12-29,169.49713
LRCX,2019-12-31,281.0506
LRCX,2021-12-31,709.04553
LRCX,2022-06-30,422.92941
LRCX,2022-09-30,364.6402
LRCX,2022-11-30,470.62497
LRCX,2022-12-30,420.29999
LW,2017-12-29,52.9941
LW,2019-12-31,82.6104
LW,2021-12-31,62.53687
LW,2022-06-30,71.04327
LW,2022-09-30,77.15999
LW,2022-11-30,86.9
LW,2022-12-30,89.36
LVS,2017-12-29,61.88867
LVS,2019-12-31,67.68963
LVS,2021-12-31,37.64
LVS,2022-06-30,33.59
LVS,2022-09-30,37.52
LVS,2022-11-30,46.84
LVS,2022-12-30,48.07
LDOS,2017-12-29,59.60261
LDOS,2019-12-31,93.73045
LDOS,2021-12-31,87.62563
LDOS,2022-06-30,99.98013
LDOS,2022-09-30,87.17444
LDOS,2022-11-30,108.96058
LDOS,2022-12-30,105.19
LEN,2017-12-29,60.47029
LEN,2019-12-31,53.67558
LEN,2021-12-31,114.04382
LEN,2022-06-30,69.89111
LEN,2022-09-30,74.19232
LEN,2022-11-30,87.83
LEN,2022-12-30,90.5
LNC,2017-12-29,66.43102
LNC,2019-12-31,53.30003
LNC,2021-12-31,66.10612
LNC,2022-06-30,45.90246
LNC,2022-09-30,43.50284
LNC,2022-11-30,38.94
LNC,2022-12-30,30.72
LIN,2017-12-29,141.86006
LIN,2019-12-31,203.18529
LIN,2021-12-31,341.16998
LIN,2022-06-30,285.34503
LIN,2022-09-30,268.65259
LIN,2022-11-30,335.31003
LIN,2022-12-30,326.17999
LYV,2017-12-29,42.57
LYV,2019-12-31,71.47
LYV,2021-12-31,119.69
LYV,2022-06-30,82.58
LYV,2022-09-30,76.04
LYV,2022-11-30,72.76
LYV,2022-12-30,69.74
LKQ,2017-12-29,39.69609
LKQ,2019-12-31,34.84511
LKQ,2021-12-31,58.84821
LKQ,2022-06-30,48.61901
LKQ,2022-09-30,46.91274
LKQ,2022-11-30,54.33
LKQ,2022-12-30,53.41
LMT,2017-12-29,281.36127
LMT,2019-12-31,359.04941
LMT,2021-12-31,346.31619
LMT,2022-06-30,424.48111
LMT,2022-09-30,383.89612
LMT,2022-11-30,485.19
LMT,2022-12-30,486.48999
L,2017-12-29,48.78063
L,2019-12-31,51.70153
L,2021-12-31,57.51826
L,2022-06-30,59.13051
L,2022-09-30,49.78473
L,2022-11-30,58.15
L,2022-12-30,58.33
LOW,2017-12-29,85.09639
LOW,2019-12-31,113.89586
LOW,2021-12-31,253.76183
LOW,2022-06-30,172.74326
LOW,2022-09-30,186.79398
LOW,2022-11-30,212.55
LOW,2022-12-30,199.24001
LUMN,2017-12-29,10.81078
LUMN,2019-12-31,10.45046
LUMN,2021-12-31,11.72468
LUMN,2022-06-30,10.65652
LUMN,2022-09-30,7.28
LUMN,2022-11-30,5.47
LUMN,2022-12-30,5.22
LYB,2017-12-29,83.15646
LYB,2019-12-31,77.75313
LYB,2021-12-31,83.8521
LYB,2022-06-30,85.14677
LYB,2022-09-30,74.26305
LYB,2022-11-30,85.01
LYB,2022-12-30,83.03
MTB,2017-12-29,148.6788
MTB,2019-12-31,154.49115
MTB,2021-12-31,149.45988
MTB,2022-06-30,157.23186
MTB,2022-09-30,175.08209
MTB,2022-11-30,170.02
MTB,2022-12-30,145.06
MRO,2017-12-29,15.90533
MRO,2019-12-31,13.08579
MRO,2021-12-31,16.21816
MRO,2022-06-30,22.34107
MRO,2022-09-30,22.51747
MRO,2022-11-30,30.63
MRO,2022-12-30,27.07
MPC,2017-12-29,54.81506
MPC,2019-12-31,53.3452
MPC,2021-12-31,62.36644
MPC,2022-06-30,81.20376
MPC,2022-09-30,98.71191
MPC,2022-11-30,121.81
MPC,2022-12-30,116.39
MKTX,2017-12-29,194.55296
MKTX,2019-12-31,371.28409
MKTX,2021-12-31,407.15863
MKTX,2022-06-30,254.61238
MKTX,2022-09-30,221.85182
MKTX,2022-11-30,267.92001
MKTX,2022-12-30,278.89001
MAR,2017-12-29,130.87471
MAR,2019-12-31,149.90208
MAR,2021-12-31,164.22862
MAR,2022-06-30,135.42625
MAR,2022-09-30,139.7908
MAR,2022-11-30,165.35001
MAR,2022-12-30,148.89
MMC,2017-12-29,74.82024
MMC,2019-12-31,106.34387
MMC,2021-12-31,171.39339
MMC,2022-06-30,154.08904
MMC,2022-09-30,148.73683
MMC,2022-11-30,173.17999
MMC,2022-12-30,165.48
MLM,2017-12-29,212.07916
MLM,2019-12-31,273.16898
MLM,2021-12-31,437.4071
MLM,2022-06-30,298.11646
MLM,2022-09-30,321.49542
MLM,2022-11-30,366.48001
MLM,2022-12-30,337.97
MAS,2017-12-29,40.9243
MAS,2019-12-31,45.79699
MAS,2021-12-31,68.72421
MAS,2022-06-30,50.02643
MAS,2022-09-30,46.40293
MAS,2022-11-30,50.78
MAS,2022-12-30,46.67
MA,2017-12-29,147.31726
MA,2019-12-31,293.81766
MA,2021-12-31,357.22705
MA,2022-06-30,314.48981
MA,2022-09-30,283.88199
MA,2022-11-30,356.39999
MA,2022-12-30,347.73001
MTCH,2017-12-29,29.79963
MTCH,2019-12-31,82.11
MTCH,2021-12-31,132.25
MTCH,2022-06-30,69.69
MTCH,2022-09-30,47.75
MTCH,2022-11-30,50.56
MTCH,2022-12-30,41.49
MKC,2017-12-29,47.04958
MKC,2019-12-31,80.87469
MKC,2021-12-31,94.8959
MKC,2022-06-30,82.06776
MKC,2022-09-30,70.57372
MKC,2022-11-30,84.78091
MKC,2022-12-30,82.89
MCD,2017-12-29,152.91843
MCD,2019-12-31,184.35538
MCD,2021-12-31,262.19766
MCD,2022-06-30,244.1609
MCD,2022-09-30,229.44777
MCD,2022-11-30,272.79001
MCD,2022-12-30,263.53
MCK,2017-12-29,148.60797
MCK,2019-12-31,134.82805
MCK,2021-12-31,247.08
MCK,2022-06-30,325.26535
MCK,2022-09-30,339.38928
MCK,2022-11-30,381.67999
MCK,2022-12-30,375.12
MDT,2017-12-29,72.11363
MDT,2019-12-31,105.23891
MDT,2021-12-31,100.3504
MDT,2022-06-30,88.25302
MDT,2022-09-30,80.03799
MDT,2022-11-30,78.34307
MDT,2022-12-30,77.72
MRK,2017-12-29,45.95406
MRK,2019-12-31,78.63825
MRK,2021-12-31,74.25309
MRK,2022-06-30,89.84562
MRK,2022-09-30,85.55317
MRK,2022-11-30,109.3952
MRK,2022-12-30,110.95
META,2017-12-29,176.46001
META,2019-12-31,205.25
META,2021-12-31,336.35001
META,2022-06-30,161.25
META,2022-09-30,135.67999
META,2022-11-30,118.1
META,2022-12-30,120.34
MET,2017-12-29,42.13638
MET,2019-12-31,45.72876
MET,2021-12-31,60.69701
MET,2022-06-30,61.87375
MET,2022-09-30,60.36993
MET,2022-11-30,76.7
MET,2022-12-30,72.37
MTD,2017-12-29,619.52002
MTD,2019-12-31,793.28003
MTD,2021-12-31,1697.20996
MTD,2022-06-30,1148.77002
MTD,2022-09-30,1084.12
MTD,2022-11-30,1469.56006
MTD,2022-12-30,1445.44995
MGM,2017-12-29,31.98888
MGM,2019-12-31,32.99289
MGM,2021-12-31,44.86491
MGM,2022-06-30,28.94503
MGM,2022-09-30,29.71755
MGM,2022-11-30,36.85696
MGM,2022-12-30,33.53
MCHP,2017-12-29,40.74318
MCHP,2019-12-31,50.23447
MCHP,2021-12-31,85.64537
MCHP,2022-06-30,57.58038
MCHP,2022-09-30,60.76011
MCHP,2022-11-30,79.19
MCHP,2022-12-30,70.25
MU,2017-12-29,40.70414
MU,2019-12-31,53.2361
MU,2021-12-31,92.43528
MU,2022-06-30,54.93081
MU,2022-09-30,49.881
MU,2022-11-30,57.51911
MU,2022-12-30,49.98
MSFT,2017-12-29,80.55429
MSFT,2019-12-31,153.31317
MSFT,2021-12-31,333.19794
MSFT,2022-06-30,255.56575
MSFT,2022-09-30,232.24548
MSFT,2022-11-30,255.14
MSFT,2022-12-30,239.82001
MAA,2017-12-29,85.8157
MAA,2019-12-31,121.00346
MAA,2021-12-31,223.46931
MAA,2022-06-30,171.88345
MAA,2022-09-30,153.7343
MAA,2022-11-30,164.88
MAA,2022-12-30,156.99001
MRNA,2019-12-31,19.56
MRNA,2021-12-31,253.98
MRNA,2022-06-30,142.85001
MRNA,2022-09-30,118.25
MRNA,2022-11-30,175.91
MRNA,2022-12-30,179.62
MHK,2017-12-29,275.89999
MHK,2019-12-31,136.38
MHK,2021-12-31,182.17999
MHK,2022-06-30,124.09
MHK,2022-09-30,91.19
MHK,2022-11-30,101.33
MHK,2022-12-30,102.22
MOH,2017-12-29,76.68
MOH,2019-12-31,135.69
MOH,2021-12-31,318.07999
MOH,2022-06-30,279.60999
MOH,2022-09-30,329.84
MOH,2022-11-30,336.76999
MOH,2022-12-30,330.22
TAP,2017-12-29,73.06536
TAP,2019-12-31,51.00722
TAP,2021-12-31,45.03728
TAP,2022-06-30,53.73601
TAP,2022-09-30,47.6591
TAP,2022-11-30,54.73
TAP,2022-12-30,51.52
MDLZ,2017-12-29,38.28674
MDLZ,2019-12-31,51.46895
MDLZ,2021-12-31,64.7586
MDLZ,2022-06-30,61.32352
MDLZ,2022-09-30,54.51413
MDLZ,2022-11-30,67.2205
MDLZ,2022-12-30,66.65
MPWR,2017-12-29,107.67946
MPWR,2019-12-31,174.16573
MPWR,2021-12-31,489.62366
MPWR,2022-06-30,382.43594
MPWR,2022-09-30,362.59903
MPWR,2022-11-30,381.11813
MPWR,2022-12-30,353.60999
MNST,2017-12-29,63.29
MNST,2019-12-31,63.55
MNST,2021-12-31,96.04
MNST,2022-06-30,92.7
MNST,2022-09-30,86.96
MNST,2022-11-30,102.86
MNST,2022-12-30,101.53
MCO,2017-12-29,140.9977
MCO,2019-12-31,231.56461
MCO,2021-12-31,386.97403
MCO,2022-06-30,270.72726
MCO,2022-09-30,242.52708
MCO,2022-11-30,298.26999
MCO,2022-12-30,278.62
MS,2017-12-29,45.6913
MS,2019-12-31,46.82358
MS,2021-12-31,94.82328
MS,2022-06-30,74.62191
MS,2022-09-30,78.25114
MS,2022-11-30,93.07
MS,2022-12-30,85.02
MOS,2017-12-29,24.60278
MOS,2019-12-31,20.99681
MOS,2021-12-31,38.89289
MOS,2022-06-30,46.96716
MOS,2022-09-30,48.1871
MOS,2022-11-30,51.3
MOS,2022-12-30,43.87
MSI,2017-12-29,83.62434
MSI,2019-12-31,154.14856
MSI,2021-12-31,267.92529
MSI,2022-06-30,208.23891
MSI,2022-09-30,223.23224
MSI,2022-11-30,271.30338
MSI,2022-12-30,257.70999
MSCI,2017-12-29,120.51833
MSCI,2019-12-31,251.88083
MSCI,2021-12-31,606.76221
MSCI,2022-06-30,410.04562
MSCI,2022-09-30,420.66318
MSCI,2022-11-30,507.82999
MSCI,2022-12-30,465.17001
NDAQ,2017-12-29,23.63648
NDAQ,2019-12-31,34.24078
NDAQ,2021-12-31,69.08068
NDAQ,2022-06-30,50.53466
NDAQ,2022-09-30,56.51442
NDAQ,2022-11-30,68.26
NDAQ,2022-12-30,61.35
NTAP,2017-12-29,48.07978
NTAP,2019-12-31,56.6472
NTAP,2021-12-31,89.53128
NTAP,2022-06-30,64.24326
NTAP,2022-09-30,61.38974
NTAP,2022-11-30,67.61
NTAP,2022-12-30,60.06
NFLX,2017-12-29,191.96001
NFLX,2019-12-31,323.57001
NFLX,2021-12-31,602.44
NFLX,2022-06-30,174.87
NFLX,2022-09-30,235.44
NFLX,2022-11-30,305.53
NFLX,2022-12-30,294.88
NWL,2017-12-29,24.3794
NWL,2019-12-31,16.66624
NWL,2021-12-31,20.76717
NWL,2022-06-30,18.4812
NWL,2022-09-30,13.6465
NWL,2022-11-30,12.97
NWL,2022-12-30,13.08
NEM,2017-12-29,32.27758
NEM,2019-12-31,39.53801
NEM,2021-12-31,59.57231
NEM,2022-06-30,58.19587
NEM,2022-09-30,41.53941
NEM,2022-11-30,46.91592
NEM,2022-12-30,47.2
NWSA,2017-12-29,15.20471
NWSA,2019-12-31,13.64922
NWSA,2021-12-31,22.07823
NWSA,2022-06-30,15.49153
NWSA,2022-09-30,15.11
NWSA,2022-11-30,19.15
NWSA,2022-12-30,18.2
NWS,2017-12-29,15.58392
NWS,2019-12-31,14.00865
NWS,2021-12-31,22.27049
NWS,2022-06-30,15.80148
NWS,2022-09-30,15.42
NWS,2022-11-30,19.45
NWS,2022-12-30,18.44
NEE,2017-12-29,34.92253
NEE,2019-12-31,56.957
NEE,2021-12-31,91.41013
NEE,2022-06-30,76.69664
NEE,2022-09-30,78.0138
NEE,2022-11-30,84.7
NEE,2022-12-30,83.6
NKE,2017-12-29,59.53325
NKE,2019-12-31,98.54588
NKE,2021-12-31,164.89832
NKE,2022-06-30,101.59544
NKE,2022-09-30,82.86565
NKE,2022-11-30,109.35435
NKE,2022-12-30,117.01
NI,2017-12-29,21.82884
NI,2019-12-31,25.14896
NI,2021-12-31,26.70758
NI,2022-06-30,28.98258
NI,2022-09-30,24.95667
NI,2022-11-30,27.94
NI,2022-12-30,27.42
NDSN,2017-12-29,139.60231
NDSN,2019-12-31,158.51846
NDSN,2021-12-31,252.69679
NDSN,2022-06-30,201.34721
NDSN,2022-09-30,211.68739
NDSN,2022-11-30,235.84091
NDSN,2022-12-30,237.72
NSC,2017-12-29,131.9912
NSC,2019-12-31,183.86336
NSC,2021-12-31,291.9306
NSC,2022-06-30,224.92259
NSC,2022-09-30,208.49664
NSC,2022-11-30,256.5
NSC,2022-12-30,246.42
NTRS,2017-12-29,87.30056
NTRS,2019-12-31,97.26601
NTRS,2021-12-31,116.15472
NTRS,2022-06-30,94.91175
NTRS,2022-09-30,84.82847
NTRS,2022-11-30,92.31392
NTRS,2022-12-30,88.49
NOC,2017-12-29,283.23599
NOC,2019-12-31,327.55066
NOC,2021-12-31,381.49496
NOC,2022-06-30,475.31619
NOC,2022-09-30,468.7623
NOC,2022-11-30,533.28998
NOC,2022-12-30,545.60999
NCLH,2017-12-29,53.25
NCLH,2019-12-31,58.41
NCLH,2021-12-31,20.74
NCLH,2022-06-30,11.12
NCLH,2022-09-30,11.36
NCLH,2022-11-30,16.44
NCLH,2022-12-30,12.24
NRG,2017-12-29,25.50042
NRG,2019-12-31,35.84099
NRG,2021-12-31,41.57677
NRG,2022-06-30,37.51756
NRG,2022-09-30,37.97015
NRG,2022-11-30,42.45
NRG,2022-12-30,31.82
NUE,2017-12-29,55.93587
NUE,2019-12-31,52.32439
NUE,2021-12-31,112.28595
NUE,2022-06-30,103.52678
NUE,2022-09-30,106.58337
NUE,2022-11-30,149.3801
NUE,2022-12-30,131.81
NVDA,2017-12-29,47.88692
NVDA,2019-12-31,58.62203
NVDA,2021-12-31,293.83524
NVDA,2022-06-30,151.50621
NVDA,2022-09-30,121.35896
NVDA,2022-11-30,169.23
NVDA,2022-12-30,146.14
NVR,2017-12-29,3508.21997
NVR,2019-12-31,3808.40991
NVR,2021-12-31,5908.87012
NVR,2022-06-30,4004.13989
NVR,2022-09-30,3987.08008
NVR,2022-11-30,4639.00977
NVR,2022-12-30,4612.58008
NXPI,2017-12-29,110.0714
NXPI,2019-12-31,121.75839
NXPI,2021-12-31,223.25174
NXPI,2022-06-30,146.51169
NXPI,2022-09-30,146.79491
NXPI,2022-11-30,174.98758
NXPI,2022-12-30,158.03
ORLY,2017-12-29,240.53999
ORLY,2019-12-31,438.26001
ORLY,2021-12-31,706.22998
ORLY,2022-06-30,631.76001
ORLY,2022-09-30,703.34998
ORLY,2022-11-30,864.53998
ORLY,2022-12-30,844.03003
OXY,2017-12-29,63.38895
OXY,2019-12-31,39.52845
OXY,2021-12-31,28.74965
OXY,2022-06-30,58.64163
OXY,2022-09-30,61.32461
OXY,2022-11-30,69.34821
OXY,2022-12-30,62.99
ODFL,2017-12-29,86.07789
ODFL,2019-12-31,125.17902
ODFL,2021-12-31,356.867
ODFL,2022-06-30,255.73254
ODFL,2022-09-30,248.51245
ODFL,2022-11-30,302.29669
ODFL,2022-12-30,283.78
OMC,2017-12-29,60.50025
OMC,2019-12-31,71.92037
OMC,2021-12-31,70.49065
OMC,2022-06-30,62.38516
OMC,2022-09-30,62.51875
OMC,2022-11-30,79.03782
OMC,2022-12-30,81.57
ON,2017-12-29,20.94
ON,2019-12-31,24.38
ON,2021-12-31,67.92
ON,2022-06-30,50.31
ON,2022-09-30,62.33
ON,2022-11-30,75.2
ON,2022-12-30,62.37
OKE,2017-12-29,37.80067
OKE,2019-12-31,59.35675
OKE,2021-12-31,55.27608
OKE,2022-06-30,53.78495
OKE,2022-09-30,50.43777
OKE,2022-11-30,66.92
OKE,2022-12-30,65.7
ORCL,2017-12-29,43.52314
ORCL,2019-12-31,50.39948
ORCL,2021-12-31,85.72263
ORCL,2022-06-30,69.20316
ORCL,2022-09-30,60.75767
ORCL,2022-11-30,83.03
ORCL,2022-12-30,81.74
OGN,2021-12-31,29.35555
OGN,2022-06-30,33.05907
OGN,2022-09-30,23.12528
OGN,2022-11-30,26.02
OGN,2022-12-30,27.93
OTIS,2021-12-31,85.82663
OTIS,2022-06-30,70.1552
OTIS,2022-09-30,63.564
OTIS,2022-11-30,78.09
OTIS,2022-12-30,78.31
PCAR,2017-12-29,58.3514
PCAR,2019-12-31,71.67195
PCAR,2021-12-31,84.59202
PCAR,2022-06-30,79.51968
PCAR,2022-09-30,81.11609
PCAR,2022-11-30,103.02417
PCAR,2022-12-30,98.97
PKG,2017-12-29,103.30231
PKG,2019-12-31,101.69025
PKG,2021-12-31,131.34966
PKG,2022-06-30,134.71591
PKG,2022-09-30,111.23369
PKG,2022-11-30,134.61168
PKG,2022-12-30,127.91
PARA,2017-12-29,51.92856
PARA,2019-12-31,37.88912
PARA,2021-12-31,29.00495
PARA,2022-06-30,24.11918
PARA,2022-09-30,18.80769
PARA,2022-11-30,19.835
PARA,2022-12-30,16.88
PH,2017-12-29,183.26054
PH,2019-12-31,196.04837
PH,2021-12-31,312.60605
PH,2022-06-30,243.80447
PH,2022-09-30,241.19576
PH,2022-11-30,298.94
PH,2022-12-30,291.0
PAYX,2017-12-29,58.79777
PAYX,2019-12-31,78.24493
PAYX,2021-12-31,133.06946
PAYX,2022-06-30,112.40782
PAYX,2022-09-30,111.4417
PAYX,2022-11-30,124.03
PAYX,2022-12-30,115.56
PAYC,2017-12-29,80.33
PAYC,2019-12-31,264.76001
PAYC,2021-12-31,415.19
PAYC,2022-06-30,280.12
PAYC,2022-09-30,329.98999
PAYC,2022-11-30,339.10001
PAYC,2022-12-30,310.31
PYPL,2017-12-29,73.62
PYPL,2019-12-31,108.17
PYPL,2021-12-31,188.58
PYPL,2022-06-30,69.84
PYPL,2022-09-30,86.07
PYPL,2022-11-30,78.41
PYPL,2022-12-30,71.22
PNR,2017-12-29,43.60712
PNR,2019-12-31,43.75612
PNR,2021-12-31,71.826
PNR,2022-06-30,45.33371
PNR,2022-09-30,40.41739
PNR,2022-11-30,45.77
PNR,2022-12-30,44.98
PEP,2017-12-29,103.64749
PEP,2019-12-31,125.66792
PEP,2021-12-31,169.18352
PEP,2022-06-30,164.52121
PEP,2022-09-30,162.24792
PEP,2022-11-30,184.36
PEP,2022-12-30,180.66
PKI,2017-12-29,72.16267
PKI,2019-12-31,96.46974
PKI,2021-12-31,200.68413
PKI,2022-06-30,142.07095
PKI,2022-09-30,120.26402
PKI,2022-11-30,139.73
PKI,2022-12-30,140.22
PFE,2017-12-29,28.64796
PFE,2019-12-31,33.28794
PFE,2021-12-31,57.19259
PFE,2022-06-30,51.58419
PFE,2022-09-30,43.38813
PFE,2022-11-30,50.13
PFE,2022-12-30,51.24
PCG,2017-12-29,44.83
PCG,2019-12-31,10.87
PCG,2021-12-31,12.14
PCG,2022-06-30,9.98
PCG,2022-09-30,12.5
PCG,2022-11-30,15.7
PCG,2022-12-30,16.26
PM,2017-12-29,79.89835
PM,2019-12-31,71.96004
PM,2021-12-31,90.11811
PM,2022-06-30,96.12422
PM,2022-09-30,81.96539
PM,2022-11-30,98.41573
PM,2022-12-30,101.21
PSX,2017-12-29,82.48942
PSX,2019-12-31,96.94083
PSX,2021-12-31,69.58149
PSX,2022-06-30,80.39198
PSX,2022-09-30,80.0153
PSX,2022-11-30,108.44
PSX,2022-12-30,104.08
PNW,2017-12-29,69.96225
PNW,2019-12-31,79.03202
PNW,2021-12-31,67.28896
PNW,2022-06-30,71.36121
PNW,2022-09-30,63.693
PNW,2022-11-30,78.32
PNW,2022-12-30,76.04
PXD,2017-12-29,144.59033
PXD,2019-12-31,127.94222
PXD,2021-12-31,164.18645
PXD,2022-06-30,210.3499
PXD,2022-09-30,211.48784
PXD,2022-11-30,235.99001
PXD,2022-12-30,228.39
PNC,2017-12-29,123.44555
PNC,2019-12-31,144.4113
PNC,2021-12-31,194.01427
PNC,2022-06-30,154.76036
PNC,2022-09-30,147.9548
PNC,2022-11-30,168.25999
PNC,2022-12-30,157.94
POOL,2017-12-29,123.49451
POOL,2019-12-31,206.95123
POOL,2021-12-31,560.21497
POOL,2022-06-30,349.1424
POOL,2022-09-30,317.17612
POOL,2022-11-30,329.41
POOL,2022-12-30,302.32999
PPG,2017-12-29,107.25894
PPG,2019-12-31,126.78044
PPG,2021-12-31,169.24942
PPG,2022-06-30,113.18164
PPG,2022-09-30,110.10072
PPG,2022-11-30,135.22
PPG,2022-12-30,125.74
PPL,2017-12-29,23.97965
PPL,2019-12-31,31.03045
PPL,2021-12-31,29.11786
PPL,2022-06-30,26.71467
PPL,2022-09-30,25.15318
PPL,2022-11-30,29.29081
PPL,2022-12-30,29.22
PFG,2017-12-29,57.71976
PFG,2019-12-31,48.69414
PFG,2021-12-31,69.87639
PFG,2022-06-30,65.74399
PFG,2022-09-30,71.63602
PFG,2022-11-30,89.68
PFG,2022-12-30,83.92
PG,2017-12-29,80.18598
PG,2019-12-31,116.01877
PG,2021-12-31,159.61745
PG,2022-06-30,141.8558
PG,2022-09-30,125.36032
PG,2022-11-30,149.16
PG,2022-12-30,151.56
PGR,2017-12-29,47.6493
PGR,2019-12-31,65.22776
PGR,2021-12-31,102.28931
PGR,2022-06-30,116.07578
PGR,2022-09-30,116.11501
PGR,2022-11-30,132.14999
PGR,2022-12-30,129.71001
PLD,2017-12-29,56.81213
PLD,2019-12-31,83.01759
PLD,2021-12-31,164.15253
PLD,2022-06-30,116.12814
PLD,2022-09-30,100.92318
PLD,2022-11-30,117.00533
PLD,2022-12-30,112.73
PRU,2017-12-29,90.97319
PRU,2019-12-31,80.34942
PRU,2021-12-31,103.45529
PRU,2022-06-30,93.51226
PRU,2022-09-30,84.82094
PRU,2022-11-30,108.03
PRU,2022-12-30,99.46
PEG,2017-12-29,43.47853
PEG,2019-12-31,53.2893
PEG,2021-12-31,64.55695
PEG,2022-06-30,62.20631
PEG,2022-09-30,55.72351
PEG,2022-11-30,60.00459
PEG,2022-12-30,61.27
PTC,2017-12-29,60.77
PTC,2019-12-31,74.89
PTC,2021-12-31,121.15
PTC,2022-06-30,106.34
PTC,2022-09-30,104.6
PTC,2022-11-30,127.21
PTC,2022-12-30,120.04
PSA,2017-12-29,170.5425
PSA,2019-12-31,186.98346
PSA,2021-12-31,351.10318
PSA,2022-06-30,296.72098
PSA,2022-09-30,290.86713
PSA,2022-11-30,295.98294
PSA,2022-12-30,280.19
PHM,2017-12-29,31.16134
PHM,2019-12-31,37.36494
PHM,2021-12-31,56.36628
PHM,2022-06-30,39.34037
PHM,2022-09-30,37.36613
PHM,2022-11-30,44.62014
PHM,2022-12-30,45.53
QRVO,2017-12-29,66.6
QRVO,2019-12-31,116.23
QRVO,2021-12-31,156.39
QRVO,2022-06-30,94.32
QRVO,2022-09-30,79.41
QRVO,2022-11-30,99.25
QRVO,2022-12-30,90.64
PWR,2017-12-29,38.52453
PWR,2019-12-31,40.32993
PWR,2021-12-31,114.33569
PWR,2022-06-30,125.20118
PWR,2022-09-30,127.31858
PWR,2022-11-30,149.79597
PWR,2022-12-30,142.5
QCOM,2017-12-29,55.65606
QCOM,2019-12-31,82.6849
QCOM,2021-12-31,179.0045
QCOM,2022-06-30,126.22243
QCOM,2022-09-30,112.26421
QCOM,2022-11-30,126.49
QCOM,2022-12-30,109.94
DGX,2017-12-29,89.007
DGX,2019-12-31,100.55962
DGX,2021-12-31,169.66583
DGX,2022-06-30,131.62596
DGX,2022-09-30,122.03
DGX,2022-11-30,151.83
DGX,2022-12-30,156.44
RL,2017-12-29,93.63503
RL,2019-12-31,110.65651
RL,2021-12-31,115.36955
RL,2022-06-30,88.24335
RL,2022-09-30,84.30795
RL,2022-11-30,112.29149
RL,2022-12-30,105.67
RJF,2017-12-29,54.93664
RJF,2019-12-31,56.90232
RJF,2021-12-31,98.64567
RJF,2022-06-30,88.75415
RJF,2022-09-30,98.43566
RJF,2022-11-30,116.44534
RJF,2022-12-30,106.85
RTX,2017-12-29,71.2131
RTX,2019-12-31,87.40762
RTX,2021-12-31,84.09024
RTX,2022-06-30,94.99651
RTX,2022-09-30,81.38281
RTX,2022-11-30,98.72
RTX,2022-12-30,100.92
O,2017-12-29,44.43912
O,2019-12-31,62.4876
O,2021-12-31,68.47766
O,2022-06-30,66.69846
O,2022-09-30,57.51307
O,2022-11-30,62.82473
O,2022-12-30,63.43
REG,2017-12-29,56.52452
REG,2019-12-31,55.42517
REG,2021-12-31,72.33356
REG,2022-06-30,58.10746
REG,2022-09-30,53.31585
REG,2022-11-30,65.77107
REG,2022-12-30,62.5
REGN,2017-12-29,375.95999
REGN,2019-12-31,375.48001
REGN,2021-12-31,631.52002
REGN,2022-06-30,591.13
REGN,2022-09-30,688.87
REGN,2022-11-30,751.70001
REGN,2022-12-30,721.48999
RF,2017-12-29,14.50759
RF,2019-12-31,15.36318
RF,2021-12-31,21.0697
RF,2022-06-30,18.40494
RF,2022-09-30,19.88417
RF,2022-11-30,22.99509
RF,2022-12-30,21.56
RSG,2017-12-29,61.92929
RSG,2019-12-31,85.35577
RSG,2021-12-31,137.46169
RSG,2022-06-30,129.90503
RSG,2022-09-30,135.52496
RSG,2022-11-30,138.76266
RSG,2022-12-30,128.99001
RMD,2017-12-29,80.5295
RMD,2019-12-31,151.39278
RMD,2021-12-31,258.44946
RMD,2022-06-30,208.80814
RMD,2022-09-30,217.85014
RMD,2022-11-30,230.2
RMD,2022-12-30,208.13
RHI,2017-12-29,50.33084
RHI,2019-12-31,59.48824
RHI,2021-12-31,109.34579
RHI,2022-06-30,74.06485
RHI,2022-09-30,76.07329
RHI,2022-11-30,78.78
RHI,2022-12-30,73.83
ROK,2017-12-29,178.24329
ROK,2019-12-31,192.17139
ROK,2021-12-31,342.40036
ROK,2022-06-30,197.50357
ROK,2022-09-30,214.10849
ROK,2022-11-30,264.22
ROK,2022-12-30,257.57001
ROL,2017-12-29,19.52537
ROL,2019-12-31,21.38371
ROL,2021-12-31,33.80237
ROL,2022-06-30,34.71977
ROL,2022-09-30,34.57266
ROL,2022-11-30,40.44
ROL,2022-12-30,36.54
ROP,2017-12-29,251.79301
ROP,2019-12-31,348.38843
ROP,2021-12-31,489.02393
ROP,2022-06-30,393.40244
ROP,2022-09-30,359.05316
ROP,2022-11-30,438.89001
ROP,2022-12-30,432.09
ROST,2017-12-29,76.57587
ROST,2019-12-31,113.40601
ROST,2021-12-31,112.75771
ROST,2022-06-30,69.80171
ROST,2022-09-30,84.05047
ROST,2022-11-30,117.36346
ROST,2022-12-30,116.07
RCL,2017-12-29,112.64008
RCL,2019-12-31,132.19777
RCL,2021-12-31,76.9
RCL,2022-06-30,34.91
RCL,2022-09-30,37.9
RCL,2022-11-30,59.93
RCL,2022-12-30,49.43
SPGI,2017-12-29,161.87527
SPGI,2019-12-31,266.27805
SPGI,2021-12-31,467.69418
SPGI,2022-06-30,335.4996
SPGI,2022-09-30,304.62555
SPGI,2022-11-30,352.79999
SPGI,2022-12-30,334.94
CRM,2017-12-29,102.23
CRM,2019-12-31,162.64
CRM,2021-12-31,254.13
CRM,2022-06-30,165.03999
CRM,2022-09-30,143.84
CRM,2022-11-30,160.25
CRM,2022-12-30,132.59
SBAC,2017-12-29,159.19156
SBAC,2019-12-31,235.53218
SBAC,2021-12-31,385.56921
SBAC,2022-06-30,318.60095
SBAC,2022-09-30,283.96533
SBAC,2022-11-30,299.29999
SBAC,2022-12-30,280.31
SLB,2017-12-29,57.74957
SLB,2019-12-31,37.62517
SLB,2021-12-31,29.51105
SLB,2022-06-30,35.47438
SLB,2022-09-30,35.77773
SLB,2022-11-30,51.37442
SLB,2022-12-30,53.46
STX,2017-12-29,33.30476
STX,2019-12-31,52.43443
STX,2021-12-31,108.28459
STX,2022-06-30,69.66401
STX,2022-09-30,52.49925
STX,2022-11-30,52.24282
STX,2022-12-30,52.61
SEE,2017-12-29,45.67848
SEE,2019-12-31,38.08351
SEE,2021-12-31,66.5435
SEE,2022-06-30,57.28968
SEE,2022-09-30,44.34276
SEE,2022-11-30,53.03
SEE,2022-12-30,49.88
SRE,2017-12-29,91.15015
SRE,2019-12-31,137.15536
SRE,2021-12-31,128.46291
SRE,2022-06-30,146.9895
SRE,2022-09-30,148.8432
SRE,2022-11-30,164.97433
SRE,2022-12-30,154.53999
NOW,2017-12-29,130.39
NOW,2019-12-31,282.32001
NOW,2021-12-31,649.10999
NOW,2022-06-30,475.51999
NOW,2022-09-30,377.60999
NOW,2022-11-30,416.29999
NOW,2022-12-30,388.26999
SHW,2017-12-29,130.80083
SHW,2019-12-31,189.48346
SHW,2021-12-31,348.82449
SHW,2022-06-30,222.8192
SHW,2022-09-30,204.23985
SHW,2022-11-30,249.17999
SHW,2022-12-30,237.33
SBNY,2017-12-29,127.96166
SBNY,2019-12-31,130.93884
SBNY,2021-12-31,319.99298
SBNY,2022-06-30,178.01198
SBNY,2022-09-30,150.45732
SBNY,2022-11-30,139.5
SBNY,2022-12-30,115.22
SPG,2017-12-29,130.98416
SPG,2019-12-31,125.27082
SPG,2021-12-31,150.43735
SPG,2022-06-30,91.90357
SPG,2022-09-30,88.39301
SPG,2022-11-30,117.63411
SPG,2022-12-30,117.48
SWKS,2017-12-29,87.18505
SWKS,2019-12-31,115.08206
SWKS,2021-12-31,151.74728
SWKS,2022-06-30,91.48498
SWKS,2022-09-30,84.70955
SWKS,2022-11-30,95.62
SWKS,2022-12-30,91.13
SJM,2017-12-29,107.05119
SJM,2019-12-31,95.22772
SJM,2021-12-31,131.98743
SJM,2022-06-30,126.17111
SJM,2022-09-30,136.4743
SJM,2022-11-30,154.00999
SJM,2022-12-30,158.46001
SNA,2017-12-29,153.8148
SNA,2019-12-31,156.53323
SNA,2021-12-31,209.79303
SNA,2022-06-30,194.46829
SNA,2022-09-30,199.95824
SNA,2022-11-30,240.60001
SNA,2022-12-30,228.49001
SEDG,2017-12-29,37.55
SEDG,2019-12-31,95.09
SEDG,2021-12-31,280.57001
SEDG,2022-06-30,273.67999
SEDG,2022-09-30,231.46001
SEDG,2022-11-30,298.85999
SEDG,2022-12-30,283.26999
SO,2017-12-29,38.60941
SO,2019-12-31,56.35542
SO,2021-12-31,65.97284
SO,2022-06-30,69.94711
SO,2022-09-30,67.28773
SO,2022-11-30,67.64
SO,2022-12-30,71.41
LUV,2017-12-29,63.63039
LUV,2019-12-31,53.77304
LUV,2021-12-31,42.84
LUV,2022-06-30,36.12
LUV,2022-09-30,30.84
LUV,2022-11-30,39.91
LUV,2022-12-30,33.67
SWK,2017-12-29,153.11536
SWK,2019-12-31,155.34789
SWK,2021-12-31,182.86745
SWK,2022-06-30,102.8708
SWK,2022-09-30,74.46266
SWK,2022-11-30,81.72
SWK,2022-12-30,75.12
SBUX,2017-12-29,51.87037
SBUX,2019-12-31,82.77522
SBUX,2021-12-31,114.25458
SBUX,2022-06-30,75.52317
SBUX,2022-09-30,83.77852
SBUX,2022-11-30,102.2
SBUX,2022-12-30,99.2
STT,2017-12-29,84.37959
STT,2019-12-31,72.0674
STT,2021-12-31,89.93821
STT,2022-06-30,60.52999
STT,2022-09-30,60.32098
STT,2022-11-30,79.0293
STT,2022-12-30,77.57
STLD,2017-12-29,38.18166
STLD,2019-12-31,31.64866
STLD,2021-12-31,61.01094
STLD,2022-06-30,65.61627
STLD,2022-09-30,70.7085
STLD,2022-11-30,103.57625
STLD,2022-12-30,97.7
STE,2017-12-29,83.31639
STE,2019-12-31,148.45084
STE,2021-12-31,241.21474
STE,2022-06-30,205.08125
STE,2022-09-30,165.80923
STE,2022-11-30,185.74001
STE,2022-12-30,184.69
SYK,2017-12-29,146.26007
SYK,2019-12-31,202.75146
SYK,2021-12-31,264.08221
SYK,2022-06-30,197.64296
SYK,2022-09-30,201.91139
SYK,2022-11-30,233.16411
SYK,2022-12-30,244.49001
SIVB,2017-12-29,233.77
SIVB,2019-12-31,251.03999
SIVB,2021-12-31,678.23999
SIVB,2022-06-30,394.98999
SIVB,2022-09-30,335.78
SIVB,2022-11-30,231.78
SIVB,2022-12-30,230.14
SYF,2017-12-29,33.93827
SYF,2019-12-31,33.22126
SYF,2021-12-31,45.27795
SYF,2022-06-30,27.25091
SYF,2022-09-30,28.01055
SYF,2022-11-30,37.58
SYF,2022-12-30,32.86
SNPS,2017-12-29,85.24
SNPS,2019-12-31,139.2
SNPS,2021-12-31,368.5
SNPS,2022-06-30,303.70001
SNPS,2022-09-30,305.51001
SNPS,2022-11-30,339.54001
SNPS,2022-12-30,319.29001
SYY,2017-12-29,53.66706
SYY,2019-12-31,79.04948
SYY,2021-12-31,76.70035
SYY,2022-06-30,84.16022
SYY,2022-09-30,70.25109
SYY,2022-11-30,86.51
SYY,2022-12-30,76.45
TMUS,2017-12-29,63.51
TMUS,2019-12-31,78.42
TMUS,2021-12-31,115.98
TMUS,2022-06-30,134.53999
TMUS,2022-09-30,134.17
TMUS,2022-11-30,151.46001
TMUS,2022-12-30,140.0
TROW,2017-12-29,89.26555
TROW,2019-12-31,109.25083
TROW,2021-12-31,188.82033
TROW,2022-06-30,111.29871
TROW,2022-09-30,103.94733
TROW,2022-11-30,123.64595
TROW,2022-12-30,109.06
TTWO,2017-12-29,109.78
TTWO,2019-12-31,122.43
TTWO,2021-12-31,177.72
TTWO,2022-06-30,122.53
TTWO,2022-09-30,109.0
TTWO,2022-11-30,105.69
TTWO,2022-12-30,104.13
TPR,2017-12-29,38.56876
TPR,2019-12-31,25.47663
TPR,2021-12-31,39.38632
TPR,2022-06-30,30.00748
TPR,2022-09-30,28.19792
TPR,2022-11-30,37.46167
TPR,2022-12-30,38.08
TRGP,2017-12-29,38.10275
TRGP,2019-12-31,37.84771
TRGP,2021-12-31,51.14503
TRGP,2022-06-30,59.05055
TRGP,2022-09-30,60.02897
TRGP,2022-11-30,74.39
TRGP,2022-12-30,73.5
TGT,2017-12-29,57.94054
TGT,2019-12-31,121.39814
TGT,2021-12-31,226.64429
TGT,2022-06-30,139.47545
TGT,2022-09-30,147.46503
TGT,2022-11-30,167.07001
TGT,2022-12-30,149.03999
TEL,2017-12-29,86.78568
TEL,2019-12-31,91.08112
TEL,2021-12-31,158.69601
TEL,2022-06-30,112.18221
TEL,2022-09-30,109.86858
TEL,2022-11-30,126.12
TEL,2022-12-30,114.8
TDY,2017-12-29,181.14999
TDY,2019-12-31,346.54001
TDY,2021-12-31,436.89001
TDY,2022-06-30,375.10999
TDY,2022-09-30,337.47
TDY,2022-11-30,420.10001
TDY,2022-12-30,399.91
TFX,2017-12-29,243.31813
TFX,2019-12-31,371.69916
TFX,2021-12-31,326.79474
TFX,2022-06-30,245.14047
TFX,2022-09-30,201.14796
TFX,2022-11-30,234.12
TFX,2022-12-30,249.63
TER,2017-12-29,40.67131
TER,2019-12-31,67.33846
TER,2021-12-31,162.80875
TER,2022-06-30,89.33296
TER,2022-09-30,75.06209
TER,2022-11-30,93.45
TER,2022-12-30,87.35
TSLA,2017-12-29,20.75667
TSLA,2019-12-31,27.88867
TSLA,2021-12-31,352.26001
TSLA,2022-06-30,224.47333
TSLA,2022-09-30,265.25
TSLA,2022-11-30,194.7
TSLA,2022-12-30,123.18
TXN,2017-12-29,91.39618
TXN,2019-12-31,118.41054
TXN,2021-12-31,183.28743
TXN,2022-06-30,151.43716
TXN,2022-09-30,153.55566
TXN,2022-11-30,180.46001
TXN,2022-12-30,165.22
TXT,2017-12-29,56.16725
TXT,2019-12-31,44.39764
TXT,2021-12-31,77.10983
TXT,2022-06-30,61.03409
TXT,2022-09-30,58.24394
TXT,2022-11-30,71.36032
TXT,2022-12-30,70.8
TMO,2017-12-29,187.57254
TMO,2019-12-31,322.72742
TMO,2021-12-31,665.76874
TMO,2022-06-30,542.7038
TMO,2022-09-30,506.92371
TMO,2022-11-30,559.92584
TMO,2022-12-30,550.69
TJX,2017-12-29,35.67925
TJX,2019-12-31,58.88521
TJX,2021-12-31,74.5797
TJX,2022-06-30,55.35785
TJX,2022-09-30,61.86367
TJX,2022-11-30,80.05
TJX,2022-12-30,79.6
TSCO,2017-12-29,69.65958
TSCO,2019-12-31,89.63876
TSCO,2021-12-31,234.27632
TSCO,2022-06-30,192.15469
TSCO,2022-09-30,185.08417
TSCO,2022-11-30,226.31
TSCO,2022-12-30,224.97
TT,2017-12-29,63.397
TT,2019-12-31,98.17696
TT,2021-12-31,198.55052
TT,2022-06-30,128.81967
TT,2022-09-30,144.2662
TT,2022-11-30,177.75
TT,2022-12-30,168.09
TDG,2017-12-29,238.45355
TDG,2019-12-31,544.51025
TDG,2021-12-31,618.68036
TDG,2022-06-30,521.82556
TDG,2022-09-30,524.82001
TDG,2022-11-30,628.5
TDG,2022-12-30,629.65002
TRV,2017-12-29,120.70858
TRV,2019-12-31,127.61291
TRV,2021-12-31,153.15154
TRV,2022-06-30,167.33934
TRV,2022-09-30,152.44234
TRV,2022-11-30,188.87129
TRV,2022-12-30,187.49001
TRMB,2017-12-29,40.64
TRMB,2019-12-31,41.69
TRMB,2021-12-31,87.19
TRMB,2022-06-30,58.23
TRMB,2022-09-30,54.27
TRMB,2022-11-30,59.75
TRMB,2022-12-30,50.56
TFC,2017-12-29,41.59704
TFC,2019-12-31,50.23799
TFC,2021-12-31,56.27228
TFC,2022-06-30,46.39675
TFC,2022-09-30,43.03111
TFC,2022-11-30,46.81
TFC,2022-12-30,43.03
TYL,2017-12-29,177.05
TYL,2019-12-31,300.01999
TYL,2021-12-31,537.95001
TYL,2022-06-30,332.48001
TYL,2022-09-30,347.5
TYL,2022-11-30,342.73999
TYL,2022-12-30,322.41
TSN,2017-12-29,72.45069
TSN,2019-12-31,84.64181
TSN,2021-12-31,85.15552
TSN,2022-06-30,84.92621
TSN,2022-09-30,65.45376
TSN,2022-11-30,66.28
TSN,2022-12-30,62.25
USB,2017-12-29,45.09071
USB,2019-12-31,52.80377
USB,2021-12-31,53.92595
USB,2022-06-30,44.98303
USB,2022-09-30,39.87355
USB,2022-11-30,44.88741
USB,2022-12-30,43.61
UDR,2017-12-29,32.6874
UDR,2019-12-31,42.25479
UDR,2021-12-31,58.18486
UDR,2022-06-30,45.22064
UDR,2022-09-30,41.31166
UDR,2022-11-30,41.47
UDR,2022-12-30,38.73
ULTA,2017-12-29,223.66
ULTA,2019-12-31,253.14
ULTA,2021-12-31,412.34
ULTA,2022-06-30,385.48001
ULTA,2022-09-30,401.19
ULTA,2022-11-30,464.84
ULTA,2022-12-30,469.07001
UNP,2017-12-29,120.65506
UNP,2019-12-31,169.80434
UNP,2021-12-31,246.31764
UNP,2022-06-30,210.78838
UNP,2022-09-30,193.62711
UNP,2022-11-30,216.09865
UNP,2022-12-30,207.07001
UAL,2017-12-29,67.4
UAL,2019-12-31,88.09
UAL,2021-12-31,43.78
UAL,2022-06-30,35.42
UAL,2022-09-30,32.53
UAL,2022-11-30,44.17
UAL,2022-12-30,37.7
UPS,2017-12-29,102.23099
UPS,2019-12-31,107.35227
UPS,2021-12-31,207.47375
UPS,2022-06-30,179.5036
UPS,2022-09-30,160.04288
UPS,2022-11-30,189.73
UPS,2022-12-30,173.84
URI,2017-12-29,171.91
URI,2019-12-31,166.77
URI,2021-12-31,332.29001
URI,2022-06-30,242.91
URI,2022-09-30,270.12
URI,2022-11-30,353.03
URI,2022-12-30,355.42001
UNH,2017-12-29,204.90363
UNH,2019-12-31,281.60373
UNH,2021-12-31,495.79056
UNH,2022-06-30,510.44986
UNH,2022-09-30,503.48795
UNH,2022-11-30,546.07666
UNH,2022-12-30,530.17999
UHS,2017-12-29,110.9524
UHS,2019-12-31,141.49724
UHS,2021-12-31,128.81702
UHS,2022-06-30,100.35423
UHS,2022-09-30,88.04491
UHS,2022-11-30,130.85001
UHS,2022-12-30,140.89
VLO,2017-12-29,73.23294
VLO,2019-12-31,80.39208
VLO,2021-12-31,72.51054
VLO,2022-06-30,104.62441
VLO,2022-09-30,106.10582
VLO,2022-11-30,133.62
VLO,2022-12-30,126.86
VTR,2017-12-29,47.37324
VTR,2019-12-31,50.68534
VTR,2021-12-31,49.24862
VTR,2022-06-30,50.34409
VTR,2022-09-30,39.77324
VTR,2022-11-30,46.07042
VTR,2022-12-30,45.05
VRSN,2017-12-29,114.44
VRSN,2019-12-31,192.67999
VRSN,2021-12-31,253.82001
VRSN,2022-06-30,167.33
VRSN,2022-09-30,173.7
VRSN,2022-11-30,199.81
VRSN,2022-12-30,205.44
VRSK,2017-12-29,93.50703
VRSK,2019-12-31,146.48004
VRSK,2021-12-31,227.14145
VRSK,2022-06-30,172.51187
VRSK,2022-09-30,170.24377
VRSK,2022-11-30,183.40167
VRSK,2022-12-30,176.42
VZ,2017-12-29,42.12783
VZ,2019-12-31,53.35565
VZ,2021-12-31,49.26332
VZ,2022-06-30,49.28878
VZ,2022-09-30,37.3407
VZ,2022-11-30,38.98
VZ,2022-12-30,39.4
VRTX,2017-12-29,149.86
VRTX,2019-12-31,218.95
VRTX,2021-12-31,219.60001
VRTX,2022-06-30,281.79001
VRTX,2022-09-30,289.54001
VRTX,2022-11-30,316.39999
VRTX,2022-12-30,288.78
VFC,2017-12-29,60.14982
VFC,2019-12-31,90.0345
VFC,2021-12-31,69.68549
VFC,2022-06-30,42.87674
VFC,2022-09-30,29.37794
VFC,2022-11-30,32.23618
VFC,2022-12-30,27.61
VTRS,2017-12-29,39.68353
VTRS,2019-12-31,18.85226
VTRS,2021-12-31,12.98591
VTRS,2022-06-30,10.23663
VTRS,2022-09-30,8.42781
VTRS,2022-11-30,11.03
VTRS,2022-12-30,11.13
VICI,2019-12-31,21.85021
VICI,2021-12-31,28.67031
VICI,2022-06-30,29.09109
VICI,2022-09-30,29.4985
VICI,2022-11-30,33.79728
VICI,2022-12-30,32.4
V,2017-12-29,110.3371
V,2019-12-31,184.21681
V,2021-12-31,215.08301
V,2022-06-30,196.10356
V,2022-09-30,177.2538
V,2022-11-30,217.0
V,2022-12-30,207.75999
VNO,2017-12-29,58.83297
VNO,2019-12-31,55.61357
VNO,2021-12-31,39.01686
VNO,2022-06-30,27.4005
VNO,2022-09-30,22.61807
VNO,2022-11-30,25.29
VNO,2022-12-30,20.81
VMC,2017-12-29,122.41515
VMC,2019-12-31,139.9809
VMC,2021-12-31,205.68645
VMC,2022-06-30,141.46362
VMC,2022-09-30,157.35751
VMC,2022-11-30,183.33
VMC,2022-12-30,175.11
WAB,2017-12-29,78.93429
WAB,2019-12-31,76.31722
WAB,2021-12-31,91.51246
WAB,2022-06-30,81.8223
WAB,2022-09-30,81.22352
WAB,2022-11-30,101.09
WAB,2022-12-30,99.81
WBA,2017-12-29,60.61629
WBA,2019-12-31,51.98381
WBA,2021-12-31,49.85348
WBA,2022-06-30,37.01915
WBA,2022-09-30,31.03471
WBA,2022-11-30,41.5
WBA,2022-12-30,37.36
WMT,2017-12-29,90.12101
WMT,2019-12-31,113.27834
WMT,2021-12-31,142.45078
WMT,2022-06-30,120.59815
WMT,2022-09-30,129.21289
WMT,2022-11-30,151.84756
WMT,2022-12-30,141.78999
WBD,2017-12-29,22.38
WBD,2019-12-31,32.74
WBD,2021-12-31,23.54
WBD,2022-06-30,13.42
WBD,2022-09-30,11.5
WBD,2022-11-30,11.4
WBD,2022-12-30,9.48
WM,2017-12-29,78.82182
WM,2019-12-31,108.29482
WM,2021-12-31,164.26106
WM,2022-06-30,151.81697
WM,2022-09-30,159.58911
WM,2022-11-30,167.07001
WM,2022-12-30,156.88
WAT,2017-12-29,193.19
WAT,2019-12-31,233.64999
WAT,2021-12-31,372.60001
WAT,2022-06-30,330.98001
WAT,2022-09-30,269.53
WAT,2022-11-30,346.60001
WAT,2022-12-30,342.57999
WEC,2017-12-29,57.2074
WEC,2019-12-31,84.57684
WEC,2021-12-31,94.18595
WEC,2022-06-30,99.13805
WEC,2022-09-30,88.70941
WEC,2022-11-30,99.14
WEC,2022-12-30,93.76
WFC,2017-12-29,52.51644
WFC,2019-12-31,49.85466
WFC,2021-12-31,46.87918
WFC,2022-06-30,38.65331
WFC,2022-09-30,39.96262
WFC,2022-11-30,47.95
WFC,2022-12-30,41.29
WELL,2017-12-29,51.67251
WELL,2019-12-31,73.30947
WELL,2021-12-31,83.16123
WELL,2022-06-30,80.98785
WELL,2022-09-30,63.74471
WELL,2022-11-30,71.03
WELL,2022-12-30,65.55
WST,2017-12-29,96.87548
WST,2019-12-31,149.2002
WST,2021-12-31,467.87851
WST,2022-06-30,301.92947
WST,2022-09-30,245.87308
WST,2022-11-30,234.66
WST,2022-12-30,235.35001
WDC,2017-12-29,72.9527
WDC,2019-12-31,62.1558
WDC,2021-12-31,65.21
WDC,2022-06-30,44.83
WDC,2022-09-30,32.55
WDC,2022-11-30,36.75
WDC,2022-12-30,31.55
WRK,2017-12-29,54.23044
WRK,2019-12-31,39.88457
WRK,2021-12-31,43.30822
WRK,2022-06-30,39.293
WRK,2022-09-30,30.64976
WRK,2022-11-30,37.92
WRK,2022-12-30,35.16
WY,2017-12-29,28.90822
WY,2019-12-31,27.15878
WY,2021-12-31,38.96519
WY,2022-06-30,32.76418
WY,2022-09-30,28.40284
WY,2022-11-30,32.53
WY,2022-12-30,31.0
WHR,2017-12-29,142.70799
WHR,2019-12-31,133.51741
WHR,2021-12-31,225.10301
WHR,2022-06-30,151.43381
WHR,2022-09-30,133.23004
WHR,2022-11-30,146.53
WHR,2022-12-30,141.46001
WMB,2017-12-29,22.43437
WMB,2019-12-31,19.49957
WMB,2021-12-31,24.76827
WMB,2022-06-30,30.42402
WMB,2022-09-30,28.2699
WMB,2022-11-30,34.26355
WMB,2022-12-30,32.9
WTW,2017-12-29,140.26234
WTW,2019-12-31,193.67177
WTW,2021-12-31,233.98387
WTW,2022-06-30,195.94081
WTW,2022-09-30,200.25839
WTW,2022-11-30,245.325
WTW,2022-12-30,244.58
GWW,2017-12-29,217.31412
GWW,2019-12-31,323.27646
GWW,2021-12-31,511.50623
GWW,2022-06-30,451.67313
GWW,2022-09-30,487.76633
GWW,2022-11-30,603.06
GWW,2022-12-30,556.25
WYNN,2017-12-29,158.77467
WYNN,2019-12-31,137.71439
WYNN,2021-12-31,85.04
WYNN,2022-06-30,56.98
WYNN,2022-09-30,63.03
WYNN,2022-11-30,83.66
WYNN,2022-12-30,82.47
XEL,2017-12-29,41.76872
XEL,2019-12-31,58.54031
XEL,2021-12-31,65.86475
XEL,2022-06-30,69.82074
XEL,2022-09-30,63.56362
XEL,2022-11-30,69.74121
XEL,2022-12-30,70.11
XYL,2017-12-29,64.23106
XYL,2019-12-31,76.03726
XYL,2021-12-31,118.37997
XYL,2022-06-30,77.71569
XYL,2022-09-30,87.1273
XYL,2022-11-30,112.35
XYL,2022-12-30,110.57
YUM,2017-12-29,74.68659
YUM,2019-12-31,95.36598
YUM,2021-12-31,136.24126
YUM,2022-06-30,112.44083
YUM,2022-09-30,105.85485
YUM,2022-11-30,128.66
YUM,2022-12-30,128.08
ZBRA,2017-12-29,103.8
ZBRA,2019-12-31,255.44
ZBRA,2021-12-31,595.20001
ZBRA,2022-06-30,293.95001
ZBRA,2022-09-30,262.01001
ZBRA,2022-11-30,270.28
ZBRA,2022-12-30,256.41
ZBH,2017-12-29,112.71377
ZBH,2019-12-31,142.05722
ZBH,2021-12-31,122.31973
ZBH,2022-06-30,104.62708
ZBH,2022-09-30,104.3521
ZBH,2022-11-30,119.87267
ZBH,2022-12-30,127.5
ZION,2017-12-29,44.33567
ZION,2019-12-31,47.47682
ZION,2021-12-31,61.46734
ZION,2022-06-30,50.13755
ZION,2022-09-30,50.44879
ZION,2022-11-30,51.82
ZION,2022-12-30,49.16
ZTS,2017-12-29,69.85407
ZTS,2019-12-31,129.92174
ZTS,2021-12-31,242.25262
ZTS,2022-06-30,171.21132
ZTS,2022-09-30,147.97557
ZTS,2022-11-30,154.14
ZTS,2022-12-30,146.55
